localized_mode	z_center	x_center	y_center	rms_x	rms_y	rms_z	owner1_fraction	owner2_fraction	dominant_owner	dominant_label	dominant_label_group	dominant_channel	width	midpoint_tail	other_center_tail	fake_rdm_weight	representability	strict_keep	relaxed_atom_local_keep	shape	rule_bucket	compact_fraction	near_fraction	s_fraction	px_fraction	py_fraction	pz_fraction	d_fraction	top_labels
1	-9.185825405088574	-7.820660258409001e-13	3.4814665343106457e-13	4.810825175971289	4.810825175970929	3.9156481398193104	0.46192389081426155	0.5380761091857384	2	b_s4	b_s	s	2.934695390622365	0.4932373233530662	0.27288848350640255	0.3216648212427162	0.9992060402559793	true	false	bond_axis_midbond	strict_fake_ge_1e_m3_repr_ge_0p99	0.12769842156470387	0.8723015784352962	0.7031103528660622	7.492699710546767e-24	5.332386661767147e-25	0.0887557934182684	0.20813385371566945	b_s4:2.297550846154e-01,a_s5:1.462069234480e-01,b_s6:1.292317485672e-01,b_s3:5.411243790852e-02,a_s4:4.989720279542e-02,a_pz8:4.209446179224e-02,a_dxx2:3.210372778690e-02,a_dyy2:3.210372778690e-02
2	-8.031097796366906	9.251251359275144e-13	-2.8334983893763997e-12	3.0194495404522717	3.0194495404522534	2.3133198615474013	0.5642222001335169	0.43577779986648313	1	a_pz7	a_pz	pz	2.876294997088702	0.5297914315945745	0.28164900010487326	0.793546999588143	0.9992566328313184	true	false	bond_axis_midbond	strict_fake_ge_1e_m3_repr_ge_0p99	0.05051737453476425	0.9494826254652358	0.45565375218030013	5.420506662872024e-25	4.836118530757245e-24	0.4776823530504555	0.06666389476924439	a_pz7:2.598663436251e-01,a_pz3:1.687715586226e-01,b_s4:1.607970700013e-01,b_s6:9.347717157802e-02,a_s5:5.226721483400e-02,b_s5:3.938371815213e-02,b_s3:3.585718267230e-02,b_pz7:3.429611167727e-02
3	-6.247944814710751	7.853552442398276e-12	-8.660330969492008e-13	5.130901499001444	2.9923275597011516	2.1886975184424737	0.4483895241404069	0.5516104758595932	2	b_px7	b_px	px	2.8334136219569506	0.5690915612078807	0.2923478595926773	0.8794468685966472	0.9990891582826242	true	false	transverse_bond	strict_fake_ge_1e_m3_repr_ge_0p99	6.144555123235634e-5	0.9999385544487674	1.092765868233198e-20	0.9854108016987451	0.007541708363002197	2.2324118148140926e-22	0.007047489938252848	b_px7:3.010209774072e-01,a_px7:2.434612003679e-01,b_px3:2.305996084666e-01,a_px3:1.798597404790e-01,a_px8:1.397681189412e-02,b_px8:1.277829847880e-02,a_dxz6:6.024462313770e-03,b_py7:2.303823358547e-03
4	-6.2479448147072505	4.447156440565298e-13	7.377154437410421e-12	2.992327559701467	5.130901499002366	2.188697518441143	0.4483895241491029	0.551610475850897	2	b_py7	b_py	py	2.8334136219589054	0.5690915612081219	0.29234785959294923	0.8794468685983227	0.9990891582823821	true	false	transverse_bond	strict_fake_ge_1e_m3_repr_ge_0p99	6.144555123558926e-5	0.9999385544487642	1.3111978522944894e-21	0.007541708362881459	0.985410801698614	2.880610081605732e-22	0.007047489938504601	b_py7:3.010209774034e-01,a_py7:2.434612003729e-01,b_py3:2.305996084623e-01,a_py3:1.798597404822e-01,a_py8:1.397681189449e-02,b_py8:1.277829847855e-02,a_dyz6:6.024462313983e-03,b_px7:2.303823358527e-03
5	-5.798131209215233	1.9413385145952087e-12	2.68952242017246e-14	3.9800324938521334	3.9800324938555653	2.751695819504158	0.939740147742216	0.06025985225778417	1	a_s4	a_s	s	2.4715091424403757	0.4192359404247991	0.21925560824697163	1.1971546692379704	0.9972080712272371	true	false	outer_tail	strict_fake_ge_1e_m3_repr_ge_0p99	0.22800164470694853	0.7719983552930507	0.8411576616269166	1.967860690753792e-24	9.280675001136826e-25	0.0272855641421422	0.13155677423094037	a_s4:4.659330898063e-01,a_s3:1.532907934488e-01,a_s6:1.057391665300e-01,a_s5:3.764920457721e-02,a_dxx2:2.179539024782e-02,a_dyy2:2.179539024782e-02,a_dxx1:2.155909227353e-02,a_dyy1:2.155909227353e-02
6	-5.1315223087622375	-6.717176750285901e-12	-1.9087434495138773e-12	5.758735341275805	5.758735341269891	3.7981790864938807	0.9010139029957165	0.09898609700428371	1	a_s4	a_s	s	2.3878615420011866	0.4189445150833456	0.21440300513173063	0.5507093691841991	0.987164896403024	false	false	outer_tail	fake_high_ambiguous_or_poor	0.2183904878535168	0.7816095121464834	0.8195205705887678	3.7775702389692565e-24	1.5088075168304605e-24	0.05521765880365378	0.12526177060757834	a_s4:4.443217315082e-01,a_s3:1.501903140347e-01,a_s6:9.758968632855e-02,a_s5:3.986591575245e-02,b_s6:2.765377105946e-02,a_dzz1:2.104844474391e-02,b_s4:2.097460243338e-02,a_dzz2:2.083276857843e-02
7	-4.537604058370171	-5.575411478734268e-12	-6.993123801341314e-12	2.9578142308238906	2.9578142308225073	1.8379805255088932	0.7305441053974451	0.2694558946025554	1	a_s4	a_s	s	2.580957515679507	0.4712494527416879	0.2492988239840451	0.9132771575018849	0.9929741215334273	true	true	atom_local	strict_fake_ge_1e_m3_repr_ge_0p99	0.14300897739235044	0.8569910226076497	0.6572059974451415	1.9621657025001338e-24	4.126958953727066e-24	0.30290463830826403	0.039889364246594554	a_s4:3.245836849945e-01,a_pz7:1.736475944103e-01,b_s4:1.063055108067e-01,a_pz3:9.277236102807e-02,a_s3:7.818483658935e-02,b_s6:6.481124635806e-02,b_s3:4.627072393561e-02,b_pz7:2.665063945074e-02
8	-4.349555556767115	3.233506541389995e-12	-4.044247471523755e-13	3.7180182706873155	2.178917895794856	1.7695984442937978	0.5884019668216511	0.41159803317834903	1	a_px3	a_px	px	3.073996307969518	0.5739383800682331	0.3056065001599977	0.9968595222249634	0.999441135801792	true	false	transverse_bond	strict_fake_ge_1e_m3_repr_ge_0p99	0.0012285497936154802	0.9987714502063845	3.84559448233677e-21	0.940197363682562	0.010737301824420783	3.5528018463660833e-22	0.04906533449301733	a_px3:2.519835402225e-01,b_px3:2.173682136654e-01,a_px7:2.120269818825e-01,b_px7:1.339580786138e-01,a_px8:6.876263835049e-02,b_px8:3.309550296976e-02,a_dxz4:1.366363990478e-02,a_dxz3:1.234214586053e-02
9	-4.349555556766769	2.5537672953204336e-13	2.6887353684396058e-12	2.1789178957961504	3.7180182706896105	1.7695984442948267	0.5884019668301652	0.41159803316983484	1	a_py3	a_py	py	3.07399630797747	0.5739383800686373	0.3056065001606733	0.996859522223719	0.9994411358017578	true	false	transverse_bond	strict_fake_ge_1e_m3_repr_ge_0p99	0.0012285497936555324	0.9987714502063443	5.971166130363528e-22	0.010737301824153448	0.9401973636811305	1.5340516914219396e-22	0.04906533449471592	a_py3:2.519835402257e-01,b_py3:2.173682136615e-01,a_py7:2.120269818845e-01,b_py7:1.339580786092e-01,a_py8:6.876263835238e-02,b_py8:3.309550296988e-02,a_dyz4:1.366363990526e-02,a_dyz3:1.234214586096e-02
10	-3.553218486256725	1.5991907836992806e-12	2.811952077415531e-13	2.63210541665237	2.63210541665148	1.8297810663854526	0.8809571408061201	0.11904285919388032	1	a_s5	a_s	s	2.2866124748817267	0.3898378536876606	0.18466613947529487	2.0483570557926436	0.9968687445276295	true	true	atom_local	strict_fake_ge_1e_m3_repr_ge_0p99	0.2784028896707308	0.7215971103292697	0.7212926850721616	7.495586104392669e-24	2.0092613812801253e-24	0.06256802895679613	0.21613928597104237	a_s5:1.989229104945e-01,a_s4:1.831758711398e-01,a_s3:1.535748913872e-01,a_s6:1.034398378949e-01,a_dzz1:4.046611060167e-02,a_dxx1:3.759868055525e-02,a_dyy1:3.759868055525e-02,b_pz3:3.478163859124e-02
11	-3.343824877389425	-1.456865070070686e-12	-1.7034285024461793e-12	2.0656532621026877	2.0656532621030546	1.4509426018432283	0.9642683393749348	0.03573166062506512	1	a_pz7	a_pz	pz	2.775419236753733	0.5254732833568558	0.26920995956453386	0.6347811550171301	0.9907521844038557	true	true	atom_local	strict_fake_ge_1e_m3_repr_ge_0p99	0.024999155076486236	0.9750008449235139	0.3061912735913303	6.2810429980400716e-24	7.276574140800859e-24	0.5980342199434268	0.09577450646524308	a_pz7:2.750426806324e-01,a_pz3:2.722998356496e-01,a_s4:1.183929137031e-01,a_s6:6.657001794120e-02,a_s5:4.095792548275e-02,a_s7:3.631779621489e-02,a_dzz2:2.565085211061e-02,a_pz8:2.411906312647e-02
12	-3.123547521284527	-1.54460693610402e-12	1.368682630958163e-12	2.9266408983396723	2.2962513188016858	1.8226478191968243	0.8152767813821694	0.18472321861783061	1	a_px7	a_px	px	3.0882893233730493	0.5858620336005371	0.314745096750857	1.0085276809892962	0.9987411070681929	true	true	atom_local	strict_fake_ge_1e_m3_repr_ge_0p99	0.00013403476286895962	0.9998659652371309	3.6543394981655415e-21	0.7307731271713488	0.2595300207942506	2.768895440315843e-23	0.009696852034400448	a_px7:2.724124079799e-01,a_px3:2.519581435207e-01,a_py7:9.674575498206e-02,a_py3:8.948153646729e-02,b_px7:6.683372308014e-02,b_px3:6.616938404374e-02,a_px8:6.555243459247e-02,b_py7:2.373562586631e-02
13	-3.123547521284371	1.5261610178422965e-12	2.099345635033671e-12	2.296251318799658	2.9266408983373924	1.8226478191947524	0.8152767813836849	0.18472321861631527	1	a_py7	a_py	py	3.088289323373981	0.5858620336006125	0.3147450967509536	1.0085276809895556	0.9987411070681762	true	true	atom_local	strict_fake_ge_1e_m3_repr_ge_0p99	0.00013403476286945958	0.9998659652371308	3.25474259152515e-21	0.2595300207852476	0.7307731271803138	1.2919579256227544e-23	0.009696852034438519	a_py7:2.724124079850e-01,a_py3:2.519581435254e-01,a_px7:9.674575497764e-02,a_px3:8.948153646316e-02,b_py7:6.683372307927e-02,b_py3:6.616938404293e-02,a_py8:6.555243459315e-02,b_px7:2.373562586641e-02
14	-3.098168761562502	-1.425414580010168e-14	-3.751608093631423e-13	4.9992730860547585	4.999273086055319	2.7488898799836017	0.9009443034136744	0.09905569658632579	1	a_dyy6	a_dyy	dyy	4.288590552401775	0.7497541269467896	0.5118039295244494	0.7114260638912	0.9993279140621204	true	true	atom_local	strict_fake_ge_1e_m3_repr_ge_0p99	0.003650188768515443	0.9963498112314848	9.790320614778618e-22	9.674980481477303e-24	2.3651161635709235e-23	1.402208097763769e-23	1.0000000000000004	a_dyy6:2.509582848360e-01,a_dxx6:2.509582848348e-01,a_dxy6:1.317394242414e-01,b_dyy6:3.770845850485e-02,b_dxx6:3.770845850415e-02,a_dxx4:3.177973372938e-02,a_dyy4:3.177973372937e-02,a_dyy5:2.941806155732e-02
15	-3.098168761562481	4.389509728313203e-13	5.143811125757065e-13	4.999273086055061	4.999273086055002	2.748889879983599	0.9009443034136744	0.0990556965863255	1	a_dxy6	a_dxy	dxy	4.288590552401778	0.7497541269467903	0.51180392952445	0.8470167125765853	0.9994771355530675	true	true	atom_local	strict_fake_ge_1e_m3_repr_ge_0p99	0.0036501887685154435	0.9963498112314846	1.6969169788488238e-21	8.470896047625195e-24	5.889429808020612e-23	8.873043596588782e-24	1.0	a_dxy6:3.983845447035e-01,a_dyy6:1.176357246044e-01,a_dxx6:1.176357246042e-01,b_dxy6:5.986041497949e-02,a_dxy4:5.044884157095e-02,a_dxy5:4.669979740746e-02,a_dxy3:4.546635052436e-02,a_dxy2:2.325176543694e-02
16	-2.901311031344079	-6.9792106983552205e-12	7.188587111262259e-13	5.957240247332773	5.957240247330098	4.128156515390959	0.8985624695878591	0.1014375304121408	1	a_s4	a_s	s	2.8704541718317333	0.4838530114216661	0.26097729175592455	0.23807404745101562	0.9726362523780069	false	true	atom_local	relaxed_atom_local_fake_ge_1e_m3_repr_ge_0p95	0.10052555029797998	0.8994744497020201	0.6964352362382924	5.772420732740545e-24	9.064373382056345e-25	0.04301616690542535	0.26054859685628207	a_s4:3.270528027291e-01,a_s5:1.356620356699e-01,a_s6:1.065779916509e-01,a_dxx2:5.647282037271e-02,a_dyy2:5.647282037271e-02,a_dzz2:5.064741308721e-02,b_s5:3.400059876338e-02,a_s3:3.160407446940e-02
17	-2.7470919911732548	1.4379276170416207e-11	3.4925897217868965e-12	5.129602391409981	5.129602391415976	3.4342190901417524	0.6642786612545163	0.33572133874548393	1	a_s4	a_s	s	2.7197797620216067	0.4731757821982204	0.25842181796325514	0.7726594682302254	0.975897114314934	false	false	bond_axis_midbond	fake_high_bond_spanning	0.12025085584252931	0.8797491441574705	0.8285258050679931	3.0472589943532256e-24	8.454302623446866e-24	0.07351703095690622	0.09795716397510086	a_s4:4.004114153188e-01,b_s4:1.471374044792e-01,b_s6:8.009355923255e-02,b_s3:5.957309427197e-02,a_s6:4.342727940835e-02,a_s3:3.715505706830e-02,a_pz7:3.096238534858e-02,a_s9:2.874140703367e-02
18	-2.4933207306847436	-3.610299457728975e-14	2.3653059763542755e-12	1.5104243829772535	1.5104243829767154	1.179019293224775	0.9179141667919031	0.0820858332080968	1	a_s4	a_s	s	2.753282201421317	0.5084833726688208	0.26690325423721284	0.5137722320888207	0.9845656895835185	false	true	atom_local	relaxed_atom_local_fake_ge_1e_m3_repr_ge_0p95	0.04189882887185063	0.9581011711281494	0.5510767842037508	2.1000939796622315e-25	8.342636646732007e-24	0.3685673679570777	0.08035584783917128	a_s4:3.038603416430e-01,a_pz3:1.809370695123e-01,a_pz7:1.556435369716e-01,a_s8:4.959767413952e-02,a_s7:4.348517512212e-02,a_s6:4.344992116291e-02,a_s9:2.572825941530e-02,b_s4:2.189320064957e-02
19	-2.4442774653246495	6.743865747352324e-13	-1.5112775955757524e-12	1.9750334911169058	2.8348847745402406	1.886659238730047	0.8861565255706008	0.11384347442939967	1	a_py7	a_py	py	2.8993883622663286	0.5690272002526259	0.29470283696574906	0.8867232534020774	0.9966005345472851	true	true	atom_local	strict_fake_ge_1e_m3_repr_ge_0p99	8.881310250793516e-6	0.9999911186897492	5.8082811134667e-21	0.15318373005333305	0.8444999241433552	4.4451677527820605e-23	0.0023163458033119717	a_py7:3.561563219139e-01,a_py3:3.280579945329e-01,a_px7:6.460314833983e-02,a_px3:5.950639643566e-02,b_py7:4.764890950879e-02,b_py3:4.565907560591e-02,a_py8:4.358613743065e-02,a_py6:1.129331111490e-02
20	-2.444277465323636	-8.460969869753292e-13	-3.574340585884297e-13	2.8348847745306296	1.9750334911084397	1.8866592387230154	0.8861565255661799	0.11384347443382019	1	a_px7	a_px	px	2.899388362268488	0.5690272002528144	0.2947028369659785	0.8867232534053615	0.9966005345472145	true	true	atom_local	strict_fake_ge_1e_m3_repr_ge_0p99	8.881310250898521e-6	0.9999911186897492	2.236725661692608e-21	0.8444999241391693	0.1531837300574275	1.574399188670892e-23	0.0023163458034032624	a_px7:3.561563219098e-01,a_px3:3.280579945290e-01,a_py7:6.460314834160e-02,a_py3:5.950639643728e-02,b_px7:4.764890951081e-02,b_px3:4.565907560779e-02,a_px8:4.358613743082e-02,a_px6:1.129331111475e-02
21	-2.254632497493267	2.627689584548752e-13	6.159054653594717e-13	1.8380430170454838	1.8380430170463715	1.5154414985584608	0.9892090371655422	0.010790962834458245	1	a_s6	a_s	s	2.3033349578981595	0.4062022823992758	0.18053670846257094	0.9709620833286473	0.9760263060222234	false	true	atom_local	relaxed_atom_local_fake_ge_1e_m3_repr_ge_0p95	0.1302267188762058	0.8697732811237946	0.8989176267599404	6.312321360712421e-25	2.1174748428039373e-24	0.018812760843146585	0.08226961239691329	a_s6:6.054768421139e-01,a_s3:1.119515815447e-01,a_s7:5.971890419653e-02,a_s8:5.531136533434e-02,a_s5:2.989766920055e-02,a_s9:2.020954737783e-02,a_dyy3:1.001607512978e-02,a_dxx3:1.001607512977e-02
22	-2.0760624387512734	-9.453222305568028e-13	2.290384738093043e-12	2.9863522778805915	4.247102003543906	2.8518262988520053	0.8211678654156952	0.1788321345843049	1	a_py7	a_py	py	2.87292520015969	0.5654430065525179	0.2910177019461092	0.6117837297907264	0.9917494179946599	true	true	atom_local	strict_fake_ge_1e_m3_repr_ge_0p99	1.527800345504486e-5	0.9999847219965451	1.3174962953128382e-20	0.161272540799558	0.836152890987511	1.902045923619442e-23	0.0025745682129311768	a_py7:3.122822240674e-01,a_py3:3.061601756832e-01,b_py7:7.816099750396e-02,b_py3:6.867223139369e-02,a_px7:6.023126662996e-02,a_px3:5.905047982856e-02,a_py8:3.965607649561e-02,a_py6:1.562713800593e-02
23	-2.076062438748657	-2.016845128017676e-12	-9.762215702333537e-13	4.247102003614239	2.986352277912026	2.8518262988888763	0.8211678653990199	0.17883213460098005	1	a_px7	a_px	px	2.8729252001624244	0.5654430065527536	0.29101770194639837	0.6117837298028321	0.9917494179945595	true	true	atom_local	strict_fake_ge_1e_m3_repr_ge_0p99	1.5278003455635902e-5	0.9999847219965449	4.841131125475513e-21	0.836152890978345	0.16127254080853112	1.0097606176724491e-22	0.0025745682131240117	a_px7:3.122822240547e-01,a_px3:3.061601756718e-01,b_px7:7.816099751219e-02,b_px3:6.867223140067e-02,a_py7:6.023126663352e-02,a_py3:5.905047983203e-02,a_px8:3.965607649555e-02,a_px6:1.562713800570e-02
24	-2.048452110144173	-2.910294185423045e-13	-9.660093847743618e-13	3.1164401160580533	3.116440116058025	1.7876802371345277	0.9339805522507626	0.06601944774923732	1	a_dxy5	a_dxy	dxy	2.752694846117883	0.4655689116032983	0.23454332987397217	1.1033719129242179	0.9991430590906162	true	true	atom_local	strict_fake_ge_1e_m3_repr_ge_0p99	0.0039047370756075763	0.9960952629243924	6.447768558813654e-21	1.0385568086830375e-21	1.514697938092539e-22	6.170635725357742e-22	0.9999999999999999	a_dxy5:2.513565563573e-01,a_dxy4:2.369713779253e-01,a_dxy6:1.943232474965e-01,a_dxy3:1.754390876182e-01,a_dxy2:7.151322827431e-02,b_dxy6:2.399124340028e-02,b_dxy3:1.551994016238e-02,b_dxy2:1.060070096786e-02
25	-2.048452110144171	3.7813685689509566e-13	-3.191836978245537e-13	3.1164401160575594	3.1164401160585165	1.7876802371345293	0.9339805522507632	0.06601944774923686	1	a_dyy5	a_dyy	dyy	2.752694846117882	0.46556891160329816	0.23454332987397195	0.7363525927470134	0.9983201499730034	true	true	atom_local	strict_fake_ge_1e_m3_repr_ge_0p99	0.0039047370756075555	0.9960952629243925	3.331905864019543e-20	9.426311639312378e-22	1.2553006651444693e-22	1.0717608642909326e-21	1.0	a_dyy5:1.258100621937e-01,a_dxx5:1.258100621855e-01,a_dyy4:1.186099309601e-01,a_dxx4:1.186099309444e-01,a_dyy6:9.726350570262e-02,a_dxx6:9.726350570074e-02,a_dyy3:8.781152496624e-02,a_dxx3:8.781152496416e-02
26	-2.024948190889363	-2.4864504941070114e-13	1.0303036966503167e-13	1.8311561311548838	1.8311561311533933	1.5113314337500365	0.982360549082596	0.017639450917404265	1	a_s4	a_s	s	2.539745334332317	0.4842767411715109	0.23827270037148018	0.7486306558473401	0.9646336659116139	false	true	atom_local	relaxed_atom_local_fake_ge_1e_m3_repr_ge_0p95	0.009552122974039049	0.9904478770259609	0.7637121756059494	5.228516939893121e-23	1.0595866731393403e-24	0.08415786576227756	0.15212995863177328	a_s4:3.238265201132e-01,a_s6:2.177144407431e-01,a_s8:1.846253087905e-01,a_dzz2:3.582735155991e-02,a_dyy2:3.546412863448e-02,a_dxx2:3.546412863448e-02,a_pz7:3.292838048884e-02,a_pz3:3.115288500123e-02
27	-1.9181897353839918	-9.620914765698648e-12	1.97561798793584e-12	4.709112707592394	2.785506410416796	2.196887651245427	0.7780214943313919	0.22197850566860822	1	a_px7	a_px	px	2.738079578164781	0.5599991598389537	0.28176719953826024	1.2629530908203628	0.9965047846240089	true	true	atom_local	strict_fake_ge_1e_m3_repr_ge_0p99	3.669591071269583e-5	0.9999633040892874	1.0019305589467246e-20	0.9794290079377967	0.018355827437131926	8.925913451921994e-24	0.0022151646250711727	a_px7:4.038241141724e-01,a_px3:3.368839859371e-01,b_px7:1.254037184061e-01,b_px3:8.940349919038e-02,a_px8:1.110510412204e-02,a_py7:7.568211370795e-03,a_px6:7.299855438106e-03,a_py3:6.313662615808e-03
28	-1.9181897353819723	-2.752144737351334e-13	-2.187018412327795e-12	2.785506410426249	4.709112707622096	2.1968876512657123	0.7780214943247779	0.22197850567522218	1	a_py7	a_py	py	2.7380795781630294	0.5599991598389508	0.281767199538203	1.2629530908266808	0.9965047846239414	true	true	atom_local	strict_fake_ge_1e_m3_repr_ge_0p99	3.669591071558678e-5	0.9999633040892842	2.6247980188912846e-21	0.01835582743483095	0.9794290079399379	1.2248223140649587e-24	0.0022151646252310834	a_py7:4.038241141712e-01,a_py3:3.368839859346e-01,b_py7:1.254037184104e-01,b_py3:8.940349919303e-02,a_py8:1.110510412148e-02,a_px7:7.568211369775e-03,a_py6:7.299855437866e-03,a_px3:6.313662614913e-03
29	-1.8307429289555799	-4.278283387410375e-13	-2.96817292230149e-12	2.4175670213596243	2.4175670213598077	1.5998590269147752	0.9519304240823435	0.04806957591765657	1	a_s6	a_s	s	2.42332045855043	0.4197880340633188	0.19257826255079827	0.7226722993337442	0.9856517752514131	false	true	atom_local	relaxed_atom_local_fake_ge_1e_m3_repr_ge_0p95	0.11820339808228314	0.881796601917717	0.9116632652062857	2.410088055446821e-25	8.180436064738341e-23	0.007808960868904458	0.0805277739248099	a_s6:5.835685000848e-01,a_s3:9.024323358793e-02,a_s8:8.776592439823e-02,a_s7:5.008123075012e-02,a_s9:3.129284374004e-02,a_s4:2.043685153471e-02,b_s4:2.043255321676e-02,b_s3:9.726654980994e-03
30	-1.8133236567111517	-1.0421719181381118e-12	2.3749631263456354e-12	1.4810970829586354	2.0930546706742805	1.0043104799882372	0.9995768015499921	0.0004231984500077195	1	a_py7	a_py	py	2.7939202566448587	0.5602105775398125	0.2838990999048702	0.7809162970671167	0.9895987140450503	false	true	atom_local	relaxed_atom_local_fake_ge_1e_m3_repr_ge_0p95	7.639725399908762e-6	0.9999923602746001	1.593490526656318e-20	0.1672537447761617	0.8323646651421417	4.1740168499416624e-24	0.00038159008169654234	a_py7:4.062609193285e-01,a_py3:3.736984217183e-01,a_px7:8.163328281394e-02,a_px3:7.509023756870e-02,a_py8:2.614326982937e-02,a_py6:1.123470810795e-02,a_py4:7.827309154216e-03,a_py5:6.919638769644e-03
31	-1.8133236567074882	-1.5485006984268948e-12	-3.2664591859430546e-13	2.0930546706835282	1.4810970829894452	1.0043104800305285	0.9995768015500073	0.0004231984499923696	1	a_px7	a_px	px	2.793920256646087	0.5602105775399091	0.28389909990499124	0.7809162970578185	0.9895987140436989	false	true	atom_local	relaxed_atom_local_fake_ge_1e_m3_repr_ge_0p95	7.639725400012992e-6	0.9999923602745998	1.787570011238395e-21	0.8323646651412876	0.16725374477700544	3.011613907697286e-24	0.0003815900817066056	a_px7:4.062609193279e-01,a_px3:3.736984217178e-01,a_py7:8.163328281444e-02,a_py3:7.509023756906e-02,a_px8:2.614326982959e-02,a_px6:1.123470810800e-02,a_px4:7.827309154209e-03,a_px5:6.919638769600e-03
32	-1.6902185584962943	4.699461605411316e-12	5.8283293315361325e-12	2.093223249872591	2.0932232498702756	1.976006539074011	0.9986246189775082	0.00137538102249158	1	a_s5	a_s	s	2.407296986323423	0.43335420035290456	0.21446253740127674	0.05093478027647342	0.8612732131837884	false	false	atom_local	fake_high_ambiguous_or_poor	0.17596007756509724	0.8240399224349031	0.8276943827896642	3.576989159568932e-24	6.1992394578747116e-24	0.0008758871157815845	0.17142973009455403	a_s5:3.710524027206e-01,a_s4:2.612777926547e-01,a_s3:1.046075038950e-01,a_s8:6.992970413692e-02,a_dzz2:2.671707874289e-02,a_dyy2:2.642964796843e-02,a_dxx2:2.642964796843e-02,a_dzz1:2.366145481903e-02
33	-1.6338218222636345	4.906150998087729e-14	2.7213393918300345e-14	1.9294069500867623	1.9294069500867546	1.1370409087297735	0.9823953992829889	0.01760460071701105	1	a_dxy5	a_dxy	dxy	2.1737943400249673	0.3846055067112019	0.1502931318921653	0.7636623139360108	0.9981726431241222	true	true	atom_local	strict_fake_ge_1e_m3_repr_ge_0p99	0.0007319950126535475	0.9992680049873465	8.88844475366499e-19	2.005844112164672e-23	2.4186155527093576e-24	2.7118518167621327e-24	1.0000000000000002	a_dxy5:2.767081524340e-01,a_dyy5:2.036855420829e-01,a_dxx5:2.036855420209e-01,a_dxy4:7.968227688448e-02,a_dxx4:5.865431727043e-02,a_dyy4:5.865431723403e-02,a_dxy6:3.521708777030e-02,a_dyy6:2.592338371464e-02
34	-1.6338218222636236	-6.08498132549567e-14	6.410524601420826e-14	1.9294069500867586	1.9294069500867532	1.1370409087297735	0.9823953992829892	0.017604600717010605	1	a_dxy5	a_dxy	dxy	2.1737943400249646	0.3846055067112018	0.15029313189216498	0.7608110323347672	0.9981629988568227	true	true	atom_local	strict_fake_ge_1e_m3_repr_ge_0p99	0.00073199501265355	0.9992680049873462	6.052266753431542e-19	1.0156094638971645e-22	1.3242758372102548e-23	1.8717126189112634e-23	0.9999999999999997	a_dxy5:2.705667233491e-01,a_dyy5:2.067562566211e-01,a_dxx5:2.067562565676e-01,a_dxy4:7.791375995246e-02,a_dxx4:5.953857573645e-02,a_dyy4:5.953857570002e-02,a_dxy6:3.443545829819e-02,a_dyy6:2.631419845029e-02
35	-1.600937599909333	-2.622244107333263e-13	1.8779935120882264e-14	0.7596852642972051	0.7596852642977315	0.5486581689430514	0.9960943323942085	0.0039056676057917282	1	a_s5	a_s	s	2.7279047420137674	0.4801570582447483	0.2464430525600702	0.8233614763600651	0.9920505340562757	true	true	atom_local	strict_fake_ge_1e_m3_repr_ge_0p99	0.03414464119089264	0.9658553588091074	0.8802344582554771	2.6749463363906742e-24	4.403571856809653e-25	0.0017020259647838748	0.11806351577973902	a_s5:3.644769875112e-01,a_s7:1.891271444994e-01,a_s8:1.083224931487e-01,a_s4:8.107049521086e-02,a_s6:7.991253544503e-02,a_s9:4.404516551078e-02,a_dzz2:2.007978388739e-02,a_dyy2:1.963362978648e-02
36	-1.5893942608439706	-1.4772219289679132e-13	2.1204982191829273e-13	0.6735039330615101	0.6735039330806001	0.6664191909705469	0.9999876143027919	1.238569720826544e-5	1	a_s6	a_s	s	2.1779838037081527	0.34152784915082024	0.15723978743915562	0.015309193227900156	0.9480206250889278	false	false	atom_local	fake_high_ambiguous_or_poor	0.33286182289511124	0.6671381771048889	0.9144124049372504	4.0184513753178284e-25	8.094396454484705e-25	9.046209513708004e-6	0.08557854885323607	a_s6:3.207998967587e-01,a_s3:2.583774812239e-01,a_s7:1.430406926260e-01,a_s4:7.121791400367e-02,a_s5:5.924661816138e-02,a_s8:3.213422612670e-02,a_dzz1:2.241863602865e-02,a_dyy1:2.241618466039e-02
37	-1.587669528652383	-2.537766720608248e-15	3.62366602279792e-15	0.37176853378030744	0.37176853376934815	0.36173887485448925	0.9991791964793999	0.0008208035205999254	1	a_s7	a_s	s	3.116180468293831	0.49220046535643897	0.27672124542464377	0.2674396114548287	0.9931863946650804	true	true	atom_local	strict_fake_ge_1e_m3_repr_ge_0p99	0.006254726471660001	0.9937452735283407	0.976296144721192	1.8528165553579118e-25	5.815272221861079e-26	0.0004739770056703185	0.02322987827313778	a_s7:4.502602956018e-01,a_s6:2.819298171627e-01,a_s9:1.244169843686e-01,a_s5:5.500345143799e-02,a_s4:5.078836744280e-02,a_s8:7.737103294431e-03,a_dxx4:4.171272404511e-03,a_dyy4:4.171272404395e-03
38	-1.5873828394617993	-3.137340311253601e-14	2.04848608685906e-14	0.5448590220385421	0.5448590220406639	0.3145751232466529	0.9999884691886943	1.1530811305929356e-5	1	a_dyy5	a_dyy	dyy	1.749826544140209	0.3442227741647019	0.11246280021393984	0.7630953866043775	0.9994431561952175	true	true	atom_local	strict_fake_ge_1e_m3_repr_ge_0p99	8.256291673579916e-5	0.9999174370832644	4.503695492479237e-16	7.762249324322004e-25	4.3266175209400294e-24	9.533972895488114e-22	0.9999999999999997	a_dyy5:2.127176637396e-01,a_dxx5:2.127176622122e-01,a_dyy4:1.301594063733e-01,a_dxx4:1.301594048253e-01,a_dxy5:1.216881165331e-01,a_dxy4:7.445950982607e-02,a_dyy3:4.202356227531e-02,a_dxx3:4.202356133203e-02
39	-1.587382839461794	-1.3017039240605362e-14	-2.1022379095941868e-14	0.5448590220386849	0.5448590220401628	0.3145751232465484	0.9999884691886942	1.1530811305953688e-5	1	a_dxy5	a_dxy	dxy	1.7498265441402059	0.344222774164711	0.11246280021395393	0.8956392726358622	0.9995415034973258	true	true	atom_local	strict_fake_ge_1e_m3_repr_ge_0p99	8.256291673556569e-5	0.9999174370832646	1.1723422397825913e-16	1.1109982385912065e-24	3.172891800329912e-24	2.6673489553757846e-22	1.0000000000000002	a_dxy5:3.328868121224e-01,a_dxy4:2.036894773649e-01,a_dyy5:1.071183154700e-01,a_dxx5:1.071183148920e-01,a_dxy3:6.576364805456e-02,a_dyy4:6.554442213023e-02,a_dxx4:6.554442152985e-02,a_dyy3:2.116182131248e-02
40	-1.586112637089921	8.226575802346586e-15	-6.480034794478155e-15	1.090640340927198	1.0906403409279952	0.6370101397937066	0.9998935550687795	0.00010644493122051017	1	a_dyy5	a_dyy	dyy	1.7809603660636901	0.33940491743199935	0.1077319597272729	0.7353392267550806	0.9989184124760399	true	true	atom_local	strict_fake_ge_1e_m3_repr_ge_0p99	0.0002697282032204605	0.9997302717967799	1.2400856720166854e-16	2.469689401191409e-24	1.039456720646624e-23	1.0148923940469805e-21	1.0000000000000002	a_dyy5:3.548695414545e-01,a_dxx5:3.548695404556e-01,a_dxy5:1.377282293550e-01,a_dxx2:2.930741109294e-02,a_dyy2:2.930741103754e-02,a_dxx3:2.317532192352e-02,a_dyy3:2.317532155108e-02,a_dxy2:1.137448376699e-02
41	-1.5861126370899112	6.124327365994418e-15	6.729325052786524e-15	1.0906403409276375	1.0906403409277887	0.6370101397937682	0.9998935550687797	0.00010644493122033439	1	a_dxy5	a_dxy	dxy	1.7809603660636923	0.339404917431998	0.10773195972726672	0.9167699441641135	0.999147768542997	true	true	atom_local	strict_fake_ge_1e_m3_repr_ge_0p99	0.0002697282032204347	0.99973027179678	1.4983194727249227e-16	8.207960382926398e-24	7.233846134790819e-24	1.0397566161627942e-21	1.0	a_dxy5:5.899023061471e-01,a_dyy5:1.287825028846e-01,a_dxx5:1.287825022336e-01,a_dxy2:4.871792977218e-02,a_dxy3:3.852451157585e-02,a_dxy6:1.533552352885e-02,a_dxx2:1.063568808259e-02,a_dyy2:1.063568804262e-02
42	-1.3416603291017877	5.205126613062349e-12	-2.6945585964779e-12	2.0728804317333602	1.5266340113618475	1.3520241588436923	0.9288728106991434	0.07112718930085647	1	a_px7	a_px	px	2.723125155787443	0.5532603886599968	0.27585433045237456	0.8146723541453768	0.9937520684548833	true	true	atom_local	strict_fake_ge_1e_m3_repr_ge_0p99	4.228113203051772e-5	0.9999577188679695	7.252492252990275e-22	0.7957082485261932	0.2030735911684149	3.3533941170586306e-23	0.0012181603053921146	a_px7:3.486274572001e-01,a_px3:3.446595565981e-01,a_py7:8.897360288127e-02,a_py3:8.796095053522e-02,b_px3:2.789044989476e-02,b_px7:2.683725249711e-02,a_px8:1.560661109562e-02,a_px6:1.202718294536e-02
43	-1.3416603291005953	-1.3341459343140048e-12	-2.5991843800416944e-12	1.526634011336941	2.0728804316998737	1.3520241588289919	0.928872810702807	0.07112718929719296	1	a_py7	a_py	py	2.72312515578781	0.55326038866002	0.27585433045240826	0.8146723541421115	0.993752068455046	true	true	atom_local	strict_fake_ge_1e_m3_repr_ge_0p99	4.2281132029680575e-5	0.9999577188679698	4.193983215675921e-21	0.20307359117676824	0.7957082485178479	1.7693066153377642e-23	0.0012181603053835319	a_py7:3.486274571982e-01,a_py3:3.446595565960e-01,a_px7:8.897360288502e-02,a_px3:8.796095053884e-02,b_py3:2.789044989276e-02,b_py7:2.683725249515e-02,a_py8:1.560661109552e-02,a_py6:1.202718294525e-02
44	-1.2438228097631858	1.8380922152492964e-11	-3.2031487935033217e-12	3.078279653524218	1.8402193840817656	1.6572941046553942	0.788712653601606	0.21128734639839417	1	a_px3	a_px	px	2.7014607978697893	0.5529859932584097	0.27463902728780215	1.4465492605956003	0.9961364617915923	true	true	atom_local	strict_fake_ge_1e_m3_repr_ge_0p99	0.000124184754914787	0.9998758152450853	5.023598431432731e-21	0.971277789855941	0.026508008257220137	1.6932736745429747e-22	0.0022142018868388275	a_px3:3.680800699607e-01,a_px7:3.608199264664e-01,b_px3:1.016275060707e-01,b_px7:9.822265991860e-02,a_px6:1.478337283632e-02,a_px8:1.247425926569e-02,a_py3:1.004560140853e-02,a_py7:9.847458358509e-03
45	-1.2438228097619013	-1.8055203142276565e-12	-1.0459952140455134e-11	1.8402193840978578	3.0782796535518946	1.657294104673377	0.7887126536104868	0.21128734638951321	1	a_py3	a_py	py	2.701460797870018	0.5529859932584236	0.2746390272878242	1.4465492605941859	0.9961364617913834	true	true	atom_local	strict_fake_ge_1e_m3_repr_ge_0p99	0.00012418475491321086	0.9998758152450867	7.14645666365574e-22	0.02650800825952253	0.9712777898536519	1.5809519771384819e-22	0.002214201886825634	a_py3:3.680800699637e-01,a_py7:3.608199264697e-01,b_py3:1.016275060664e-01,b_py7:9.822265991437e-02,a_py6:1.478337283637e-02,a_py8:1.247425926583e-02,a_px3:1.004560140959e-02,a_px7:9.847458359590e-03
46	-1.208323964674472	-1.841166447782145e-11	1.733448376434378e-11	3.29182131041623	3.2918213104155702	2.232354655801393	0.7315842950652119	0.2684157049347884	1	a_s6	a_s	s	2.4566558053482175	0.426476219215898	0.20796842993010894	1.9626623921116761	0.9885937672550089	false	true	atom_local	relaxed_atom_local_fake_ge_1e_m3_repr_ge_0p95	0.15110059684561752	0.8488994031543828	0.7879733903402968	8.387862442532e-24	1.06575761698035e-23	0.15176366849626532	0.06026294116343802	a_s6:3.225846882152e-01,a_s3:9.947103788476e-02,a_pz7:8.685989435599e-02,a_s4:8.103100718446e-02,b_s6:7.624982370653e-02,b_s4:7.107774996882e-02,b_s3:4.511468614941e-02,a_s7:3.938966345316e-02
47	-1.1175453938784585	1.176048900828342e-12	-6.435807201131397e-13	1.7679465069317926	1.767946506932538	1.579014780494372	0.42652106365704934	0.5734789363429504	2	b_s6	b_s	s	2.3778457959959787	0.4398495460278732	0.20851393820759143	1.0356445247527541	0.992151410190249	true	false	bond_axis_midbond	strict_fake_ge_1e_m3_repr_ge_0p99	0.09594417360840579	0.9040558263915939	0.672812720055733	3.154692352296496e-24	2.3735399154098355e-24	0.17599706210889407	0.15119021783537306	b_s6:1.837906708033e-01,b_s4:1.223866340131e-01,a_s6:1.116352741672e-01,b_pz7:8.554475134646e-02,b_s3:6.441399959640e-02,a_s7:5.930439410545e-02,a_pz7:3.643806520717e-02,a_s8:3.621676287626e-02
48	-0.9775953963364614	7.938801220704883e-13	-5.9181507204883116e-12	2.132357594766604	2.132357594766568	1.8408936791111414	0.8919336365564264	0.10806636344357357	1	a_s6	a_s	s	2.8953238260930263	0.512492425953705	0.2687447056358843	0.7216522046864546	0.9816478644757278	false	true	atom_local	relaxed_atom_local_fake_ge_1e_m3_repr_ge_0p95	0.040489024224091195	0.9595109757759086	0.5878308137450009	2.1500160786370194e-25	3.3916396193332877e-25	0.3825094463155734	0.029659739939425844	a_s6:2.051753420693e-01,a_pz7:1.911583193088e-01,a_pz3:1.497376272374e-01,a_s7:8.578794943040e-02,a_s4:7.503533670949e-02,a_s9:6.118773107528e-02,a_s8:3.690346820341e-02,a_s3:3.507326005699e-02
49	-0.8665176261604106	-2.4755198395583594e-13	9.645868584548022e-14	1.7996358267047547	1.238608859020376	1.0906258001961053	0.9161329088229518	0.08386709117704812	1	a_px7	a_px	px	2.683377598592519	0.545585987462132	0.2694976666229751	0.8437804378621432	0.9969269102257114	true	true	atom_local	strict_fake_ge_1e_m3_repr_ge_0p99	1.1922772582792892e-5	0.9999880772274172	9.271618039833454e-23	0.8516527932537684	0.1419540023911777	1.1146223285602257e-23	0.0063932043550538374	a_px7:3.584196402024e-01,a_px3:3.545341279526e-01,a_py7:5.974160228852e-02,a_py3:5.909396275800e-02,b_px3:3.333661241943e-02,b_px7:3.227232437432e-02,a_px6:2.761003156030e-02,a_px5:1.721756323976e-02
50	-0.8665176261602382	3.7425940352228724e-13	9.279773499074044e-13	1.2386088590178288	1.7996358267010577	1.090625800194188	0.916132908826383	0.08386709117361715	1	a_py7	a_py	py	2.6833775985927177	0.5455859874621544	0.26949766662299657	0.8437804378620415	0.9969269102257298	true	true	atom_local	strict_fake_ge_1e_m3_repr_ge_0p99	1.19227725828548e-5	0.9999880772274173	4.8339906866706755e-22	0.1419540023943144	0.8516527932506387	1.0903417250301723e-23	0.0063932043550469185	a_py7:3.584196402027e-01,a_py3:3.545341279530e-01,a_px7:5.974160228982e-02,a_px3:5.909396275926e-02,b_py3:3.333661241766e-02,b_py7:3.227232437255e-02,a_py6:2.761003156028e-02,a_py5:1.721756323979e-02
51	-0.7807859100541782	-3.805498685261801e-13	1.2600185875393812e-14	2.150756785935428	1.2799219647519717	1.3541961538077578	0.7429486699441674	0.2570513300558326	1	a_px7	a_px	px	2.7049036024351163	0.5518640430785391	0.2745175422927416	1.2042976704723902	0.9972840369146578	true	true	atom_local	strict_fake_ge_1e_m3_repr_ge_0p99	1.970901798999491e-5	0.9999802909820101	5.04646626871918e-22	0.9741370111789662	0.022989955368850443	1.0932308113306609e-24	0.002873033452183289	a_px7:3.462517447020e-01,a_px3:3.315103920632e-01,b_px7:1.204512766891e-01,b_px3:1.187849426218e-01,a_px6:1.886508903284e-02,a_px8:1.245905758165e-02,a_px4:1.205075994880e-02,a_py7:8.171655594385e-03
52	-0.7807859100535202	3.2869793273282154e-13	2.2462146674499973e-12	1.2799219647562659	2.1507567859427845	1.3541961538129874	0.7429486699519813	0.25705133004801867	1	a_py7	a_py	py	2.7049036024350737	0.5518640430785297	0.27451754229273395	1.2042976704695594	0.9972840369145232	true	true	atom_local	strict_fake_ge_1e_m3_repr_ge_0p99	1.9709017990009626e-5	0.9999802909820099	2.2448979933972644e-22	0.02298995536979472	0.9741370111780195	2.0199008575483316e-24	0.00287303345218573	a_py7:3.462517447053e-01,a_py3:3.315103920664e-01,b_py7:1.204512766853e-01,b_py3:1.187849426181e-01,a_py6:1.886508903298e-02,a_py8:1.245905758178e-02,a_py4:1.205075994886e-02,a_px7:8.171655594820e-03
53	-0.63043892490745	2.4547127216492967e-13	-1.262977171744812e-12	1.7718944102367447	1.7718944102365168	1.5889926543997974	0.8248208591605372	0.17517914083946323	1	a_s5	a_s	s	2.587725220571192	0.4729457245128979	0.2329546545877546	0.7850489857924945	0.9854853500892827	false	true	atom_local	relaxed_atom_local_fake_ge_1e_m3_repr_ge_0p95	0.1394777000911377	0.8605222999088622	0.5755202885596883	4.187958604658864e-26	1.156825333363942e-25	0.3396146627820016	0.08486504865831014	a_s5:2.647637345091e-01,a_pz7:1.443445629249e-01,a_pz3:1.385747827502e-01,a_s8:9.393724686796e-02,a_s3:6.818072695924e-02,b_s5:6.368402419171e-02,b_pz7:2.510414714814e-02,b_pz3:2.416710237994e-02
54	-0.4878394240787802	-3.2575738240656644e-13	-1.2246976331761156e-13	1.0774557246510081	1.077455724651171	0.9461954698637428	0.8882218541678787	0.11177814583212131	1	a_pz3	a_pz	pz	2.9348267907328602	0.5245600269743841	0.2752473670144497	0.9198372314719541	0.9910928264277137	true	true	atom_local	strict_fake_ge_1e_m3_repr_ge_0p99	0.014192604003285902	0.9858073959967139	0.4031970373586448	2.757388313225439e-25	1.4563073710291875e-25	0.5453064678981321	0.05149649474322307	a_pz3:2.431330942987e-01,a_pz7:1.956683449300e-01,a_s7:1.405042351176e-01,a_s8:9.596277299812e-02,a_s9:5.457415439525e-02,a_s4:4.722906753465e-02,b_s8:3.061833323751e-02,a_pz6:2.410849887871e-02
55	0.4878394240781514	-3.7095204198481547e-13	-3.568025348222523e-13	1.0774557246408456	1.07745572464112	0.9461954698541586	0.11177814582911125	0.888221854170889	2	b_pz3	b_pz	pz	2.934826790720338	0.5245600269681374	0.2752473670119862	0.9198372314725247	0.9910928261697816	true	true	atom_local	strict_fake_ge_1e_m3_repr_ge_0p99	0.01419260401765071	0.9858073959823491	0.40319703738967994	3.958346822451132e-25	4.499352355221147e-25	0.5453064678732154	0.05149649473710467	b_pz3:2.431330942884e-01,b_pz7:1.956683449253e-01,b_s7:1.405042351315e-01,b_s8:9.596277298826e-02,b_s9:5.457415439914e-02,b_s4:4.722906754808e-02,a_s8:3.061833323839e-02,b_pz6:2.410849887684e-02
56	0.6304389249024567	-1.703268181520451e-12	-2.8044050477359676e-12	1.7718944102621257	1.7718944102610785	1.5889926544194473	0.1751791408138692	0.8248208591861307	2	b_s5	b_s	s	2.5877252205716252	0.47294572451352845	0.23295465458803902	0.7850489857744024	0.9854853499258289	false	true	atom_local	relaxed_atom_local_fake_ge_1e_m3_repr_ge_0p95	0.1394777000905124	0.8605222999094875	0.575520288554467	8.903100174699716e-25	1.4043036145100615e-24	0.3396146627862868	0.08486504865924602	b_s5:2.647637345170e-01,b_pz7:1.443445629295e-01,b_pz3:1.385747827530e-01,b_s8:9.393724686973e-02,b_s3:6.818072696369e-02,a_s5:6.368402418250e-02,a_pz7:2.510414714684e-02,a_pz3:2.416710237810e-02
57	0.7807859100542038	2.2669850473605923e-13	3.672280593419341e-12	1.2577775648264167	2.1637815475507773	1.3541961538077856	0.2570513300552522	0.7429486699447478	2	b_py7	b_py	py	2.7049036024349147	0.5518640430785209	0.2745175422927216	1.2042976704722939	0.9972840369142619	true	true	atom_local	strict_fake_ge_1e_m3_repr_ge_0p99	1.970901799006918e-5	0.9999802909820095	1.8692034487254957e-22	0.005098900637889805	0.9920280659099099	8.943657131316413e-24	0.0028730334522003857	b_py7:3.526110235759e-01,b_py3:3.375989304314e-01,a_py7:1.226634915610e-01,a_py3:1.209665535092e-01,b_py6:1.921156631124e-02,b_py8:1.268788132873e-02,b_py4:1.227208487880e-02,a_py6:3.864920975974e-03
58	0.7807859100545954	1.1489113836337091e-12	-3.0201202848430794e-13	2.163781547547996	1.2577775648249643	1.3541961538062695	0.2570513300595929	0.742948669940407	2	b_px7	b_px	px	2.704903602433886	0.5518640430784351	0.27451754229262243	1.2042976704763064	0.9972840369148029	true	true	atom_local	strict_fake_ge_1e_m3_repr_ge_0p99	1.9709017990341297e-5	0.9999802909820098	5.671772952326907e-21	0.9920280659101225	0.0050989006375962605	2.846926788224163e-23	0.0028730334522813514	b_px7:3.526110235739e-01,b_px3:3.375989304295e-01,a_px7:1.226634915631e-01,a_px3:1.209665535113e-01,b_px6:1.921156631123e-02,b_px8:1.268788132851e-02,b_px4:1.227208487883e-02,a_px6:3.864920976038e-03
59	0.8665176261605324	3.363005391983255e-14	8.246006671235869e-13	1.1020425904978204	1.8863571091230165	1.090625800196524	0.08386709117687659	0.9161329088231231	2	b_py7	b_py	py	2.683377598592224	0.545585987462089	0.2694976666229355	0.8437804378622631	0.9969269102197869	true	true	atom_local	strict_fake_ge_1e_m3_repr_ge_0p99	1.1922772582807627e-5	0.999988077227417	7.545264023348005e-22	0.008863283530722195	0.9847435121141845	3.0608810796758096e-24	0.006393204355093041	b_py7:4.144311133594e-01,b_py3:4.099383987115e-01,a_py3:3.854623980068e-02,a_py7:3.731563179264e-02,b_py6:3.192474640337e-02,b_py5:1.990821122072e-02,b_py8:1.618751295281e-02,b_py4:1.020332864741e-02
60	0.8665176261609926	-5.502897348080995e-13	-5.0933340387902435e-14	1.886357109133646	1.102042590504033	1.0906258002027445	0.08386709117909831	0.9161329088209017	2	b_px7	b_px	px	2.683377598590422	0.5455859874618412	0.2694976666227015	0.8437804378637213	0.9969269102201477	true	true	atom_local	strict_fake_ge_1e_m3_repr_ge_0p99	1.1922772582838337e-5	0.9999880772274171	1.27584681969484e-20	0.9847435121142897	0.008863283530402334	5.0399150934785934e-23	0.006393204355308058	b_px7:4.144311133581e-01,b_px3:4.099383987104e-01,a_px3:3.854623980171e-02,a_px7:3.731563179360e-02,b_px6:3.192474640367e-02,b_px5:1.990821122089e-02,b_px8:1.618751295258e-02,b_px4:1.020332864742e-02
61	0.9775953963304058	4.605904690539093e-12	-6.039401593136902e-12	2.1323575948896947	2.1323575948923836	1.8408936792598514	0.10806636345415681	0.8919336365458435	2	b_s6	b_s	s	2.895323826096175	0.5124924259635844	0.26874470564008307	0.7216522046846978	0.9816478641295683	false	true	atom_local	relaxed_atom_local_fake_ge_1e_m3_repr_ge_0p95	0.040489024211360504	0.9595109757886395	0.5878308136988937	4.657197674545411e-25	3.6690257722225126e-25	0.38250944635283873	0.02965973994826764	b_s6:2.051753420456e-01,b_pz7:1.911583193308e-01,b_pz3:1.497376272500e-01,b_s7:8.578794940670e-02,b_s4:7.503533671013e-02,b_s9:6.118773107097e-02,b_s8:3.690346821745e-02,b_s3:3.507326004410e-02
62	1.1175453938770978	-9.151598633800367e-14	8.507618261429959e-14	1.7679465069177522	1.7679465069187073	1.5790147804526737	0.5734789363895474	0.42652106361045256	1	a_s6	a_s	s	2.3778457959633275	0.43984954601446663	0.2085139382010613	1.0356445247821724	0.9921514097882053	true	false	bond_axis_midbond	strict_fake_ge_1e_m3_repr_ge_0p99	0.09594417362517824	0.9040558263748218	0.6728127201196962	1.660555936754075e-24	3.033685597416966e-25	0.17599706207024024	0.15119021781006334	a_s6:1.837906708328e-01,a_s4:1.223866340419e-01,b_s6:1.116352742016e-01,a_pz7:8.554475133323e-02,a_s3:6.441399962505e-02,b_s7:5.930439409870e-02,b_pz7:3.643806519169e-02,b_s8:3.621676285767e-02
63	1.2083239646683248	-5.4786830027218085e-11	-9.710328369225168e-14	3.2918213103326392	3.291821310332795	2.2323546556940013	0.26841570491759004	0.7315842950824099	2	b_s6	b_s	s	2.4566558053339422	0.42647621921501866	0.2079684299292231	1.9626623920977413	0.9885937668135198	false	true	atom_local	relaxed_atom_local_fake_ge_1e_m3_repr_ge_0p95	0.15110059684844543	0.8488994031515547	0.7879733903365478	8.208428022003788e-23	4.660151814771007e-25	0.15176366849828338	0.06026294116516873	b_s6:3.225846882221e-01,b_s3:9.947103789350e-02,b_pz7:8.685989435976e-02,b_s4:8.103100720176e-02,a_s6:7.624982369962e-02,a_s4:7.107774995989e-02,a_s3:4.511468614276e-02,b_s7:3.938966344483e-02
64	1.2438228097629946	5.684332482586121e-13	7.969781327444997e-12	1.805701191994293	3.0986539355150393	1.657294104656622	0.21128734639684854	0.7887126536031517	2	b_py3	b_py	py	2.70146079786951	0.5529859932583876	0.2746390272877749	1.4465492605946542	0.996136461791162	true	true	atom_local	strict_fake_ge_1e_m3_repr_ge_0p99	0.00012418475491543025	0.9998758152450846	3.7160549676149384e-21	0.0069822970755083974	0.9908035010376348	1.2634127891961735e-23	0.0022142018868569037	b_py3:3.754796267235e-01,b_py7:3.680735317141e-01,a_py3:1.036705357289e-01,a_py7:1.001972415557e-01,b_py6:1.508056471216e-02,b_py8:1.272503076088e-02,b_py4:8.776514300942e-03,b_px3:2.646044646491e-03
65	1.2438228097649606	5.069405053909668e-11	-4.817656341696307e-12	3.0986539354710674	1.8057011919680932	1.657294104634198	0.21128734641463973	0.7887126535853602	2	b_px3	b_px	px	2.7014607978657073	0.5529859932581175	0.274639027287416	1.4465492605993764	0.9961364617925761	true	true	atom_local	strict_fake_ge_1e_m3_repr_ge_0p99	0.000124184754926116	0.9998758152450737	4.4201353184265777e-20	0.9908035010381088	0.00698229707480532	1.266780785507345e-21	0.002214201887085868	b_px3:3.754796267163e-01,b_px7:3.680735317055e-01,a_px3:1.036705357377e-01,a_px7:1.001972415641e-01,b_px6:1.508056471208e-02,b_px8:1.272503076003e-02,b_px4:8.776514300725e-03,b_py3:2.646044646120e-03
66	1.341660329102078	5.502259735546588e-13	6.282969748130337e-12	1.3033089906761361	2.2200969266555703	1.3520241588504187	0.07112718930028236	0.9288728106997176	2	b_py7	b_py	py	2.7231251557872205	0.5532603886599743	0.27585433045234936	0.814672354145813	0.9937520684429686	true	true	atom_local	strict_fake_ge_1e_m3_repr_ge_0p99	4.228113203071826e-5	0.9999577188679691	1.7503388602496197e-20	0.01258472695795643	0.9861971127366408	1.0726789789649648e-23	0.0012181603054026626	b_py7:4.320872535237e-01,b_py3:4.271694559207e-01,a_py3:3.456729424346e-02,a_py7:3.326196627351e-02,b_py8:1.934276140857e-02,b_py6:1.490643476055e-02,b_py4:1.210487290479e-02,b_py5:1.053905144102e-02
67	1.341660329107557	1.6348756960146878e-11	-2.3661512552238272e-12	2.2200969268019892	1.3033089907635824	1.3520241589388768	0.07112718930883499	0.9288728106911653	2	b_px7	b_px	px	2.7231251557833773	0.5532603886596612	0.27585433045196167	0.8146723541649454	0.9937520684452694	true	true	atom_local	strict_fake_ge_1e_m3_repr_ge_0p99	4.2281132035274956e-5	0.9999577188679651	2.181712160861268e-19	0.9861971127371771	0.012584726957274125	1.8009052761924565e-22	0.0012181603055488725	b_px7:4.320872535195e-01,b_px3:4.271694559179e-01,a_px3:3.456729424769e-02,a_px7:3.326196627745e-02,b_px8:1.934276140786e-02,b_px6:1.490643476057e-02,b_px4:1.210487290479e-02,b_px5:1.053905144081e-02
68	1.586112637089914	8.469731826200635e-15	1.3134662946263125e-15	1.0906403409272516	1.0906403409276073	0.6370101397936033	0.00010644493122070928	0.9998935550687794	2	b_dyy5	b_dyy	dyy	1.780960366063719	0.33940491743200507	0.1077319597272863	0.7616625310645366	0.9989516924086721	true	true	atom_local	strict_fake_ge_1e_m3_repr_ge_0p99	0.00026972820322065206	0.9997302717967794	4.115292280394698e-16	1.0661427471398066e-24	2.0332349059282604e-23	5.5511578211028456e-21	0.9999999999999997	b_dyy5:3.277810337726e-01,b_dxx5:3.277810320336e-01,b_dxy5:1.919052454585e-01,b_dxx2:2.707026772270e-02,b_dyy2:2.707026766871e-02,b_dxx3:2.140626380979e-02,b_dyy3:2.140626316287e-02,b_dxy2:1.584877050620e-02
69	1.5861126370899237	-5.342000828581122e-14	4.255911452606731e-14	1.0906403409273258	1.0906403409280567	0.6370101397937535	0.00010644493122022081	0.9998935550687795	2	b_dxy5	b_dxy	dxy	1.7809603660637006	0.33940491743199763	0.10773195972726513	0.8904466398546802	0.9991144951412758	true	true	atom_local	strict_fake_ge_1e_m3_repr_ge_0p99	0.0002697282032204812	0.9997302717967793	3.1672781431819977e-16	1.6494037264496138e-24	3.5841334111261166e-22	6.40008858068239e-21	0.9999999999999993	b_dxy5:5.109376002320e-01,b_dyy5:1.682648560580e-01,b_dxx5:1.682648549754e-01,b_dxy2:4.219651604468e-02,b_dxy3:3.336759543009e-02,b_dxx2:1.389639497566e-02,b_dyy2:1.389639487701e-02,b_dxy6:1.328270038697e-02
70	1.5873828394618015	5.2479720092103203e-14	1.3631165857765043e-14	0.5448590220442099	0.5448590220350901	0.31457512324668746	1.1530811305731938e-5	0.9999884691886942	2	b_dyy5	b_dyy	dyy	1.7498265441401548	0.3442227741647038	0.11246280021394153	0.6760877465470145	0.9993785914351249	true	true	atom_local	strict_fake_ge_1e_m3_repr_ge_0p99	8.256291673631438e-5	0.9999174370832636	1.9664681745239044e-15	1.4797701620497745e-22	1.2185535580383476e-22	4.3060863086162116e-20	0.999999999999998	b_dyy5:2.665496328926e-01,b_dxx5:2.665496296949e-01,b_dyy4:1.630985477017e-01,b_dxx4:1.630985446000e-01,b_dyy3:5.265836879377e-02,b_dxx3:5.265836652323e-02,b_dxy5:1.402417989719e-02,b_dxy4:8.581228723236e-03
71	1.5873828394618192	-9.834155676094877e-16	7.0548674654289e-15	0.5448590220400323	0.5448590220395706	0.3145751232467517	1.1530811305992497e-5	0.9999884691886941	2	b_dxy5	b_dxy	dxy	1.7498265441402425	0.34422277416469454	0.11246280021392892	0.9826469126932076	0.9996060577331705	true	true	atom_local	strict_fake_ge_1e_m3_repr_ge_0p99	8.25629167358146e-5	0.9999174370832643	4.914500369422229e-19	1.3843720760985804e-21	9.631260583698575e-23	3.376906232226168e-22	1.0	b_dxy5:5.165486750464e-01,b_dxy4:3.160699848171e-01,b_dxy3:1.020470743554e-01,b_dxx5:1.528738372011e-02,b_dyy5:1.528738371889e-02,b_dyy4:9.354168109583e-03,b_dxx4:9.354168097717e-03,b_dxy6:8.256197847685e-03
72	1.5876695286549782	1.4510508757316337e-13	-3.451909139252808e-14	0.3717685297092345	0.37176852971660723	0.36173887061423987	0.0008208037158819965	0.999179196284118	2	b_s7	b_s	s	3.116180529632208	0.4922004722390178	0.2767212529927202	0.26743961000956906	0.9931863935490527	true	true	atom_local	strict_fake_ge_1e_m3_repr_ge_0p99	0.006254722442671577	0.9937452775573284	0.97629614399938	5.2840455790722543e-23	7.378324553331633e-25	0.0004739771244264707	0.023229878876193547	b_s7:4.502603094859e-01,b_s6:2.819297813780e-01,b_s9:1.244169936444e-01,b_s5:5.500348081546e-02,b_s4:5.078835906792e-02,b_s8:7.737099970855e-03,b_dyy4:4.171272356947e-03,b_dxx4:4.171272356801e-03
73	1.5893942609834912	-1.1654123029457767e-12	-1.5187530113877733e-13	0.6735039354651992	0.6735039355053524	0.6664191930942751	1.2385696349670357e-5	0.9999876143036502	2	b_s6	b_s	s	2.1779838048575257	0.34152784934004743	0.15723978757099563	0.015309194833875061	0.9480206195947395	false	false	atom_local	fake_high_ambiguous_or_poor	0.3328618223851429	0.6671381776148573	0.9144124050504997	3.851367217298179e-23	6.5218275974552015e-25	9.046209281749656e-6	0.08557854874021861	b_s6:3.207998970060e-01,b_s3:2.583774808685e-01,b_s7:1.430406930351e-01,b_s4:7.121791400617e-02,b_s5:5.924661789422e-02,b_s8:3.213422613262e-02,b_dzz1:2.241863598462e-02,b_dyy1:2.241618461636e-02
74	1.6009375999099538	1.3448142678078984e-13	-8.481461771994462e-14	0.7596852643947647	0.7596852643913913	0.5486581690777865	0.0039056675946763098	0.9960943324053237	2	b_s5	b_s	s	2.727904744387368	0.4801570585792876	0.24644305275916942	0.8233614762109822	0.9920505317295328	true	true	atom_local	strict_fake_ge_1e_m3_repr_ge_0p99	0.03414463957977503	0.9658553604202249	0.8802344590054568	3.9244935186886004e-23	1.3860220204024542e-24	0.0017020259609055745	0.11806351503363763	b_s5:3.644769843437e-01,b_s7:1.891271469285e-01,b_s8:1.083224939479e-01,b_s4:8.107049377922e-02,b_s6:7.991253802221e-02,b_s9:4.404516595746e-02,b_dzz2:2.007978384001e-02,b_dxx2:1.963362974012e-02
75	1.6338218222636167	4.2806587585042836e-13	3.637173034410161e-14	1.9294069500872157	1.9294069500862823	1.1370409087297733	0.017604600717010227	0.9823953992829897	2	b_dyy5	b_dyy	dyy	2.173794340024972	0.38460550671120153	0.15029313189216514	0.6915447999257099	0.9979286818725873	true	true	atom_local	strict_fake_ge_1e_m3_repr_ge_0p99	0.0007319950126535448	0.9992680049873464	8.590354302736106e-20	1.8510504897171148e-21	7.48346724316379e-22	1.3202847431696673e-21	0.9999999999999999	b_dyy5:2.748943464763e-01,b_dxx5:2.748943464738e-01,b_dxy5:1.342905435877e-01,b_dyy4:7.915996417360e-02,b_dxx4:7.915996414884e-02,b_dxy4:3.867098306646e-02,b_dyy6:3.498624179486e-02,b_dxx6:3.498624179274e-02
76	1.6338218222636316	-2.144479857092077e-13	4.3436578461100314e-13	1.9294069500867832	1.9294069500867228	1.1370409087297702	0.01760460071701029	0.9823953992829896	2	b_dxy5	b_dxy	dxy	2.173794340024958	0.3846055067112003	0.15029313189216387	0.832928546345066	0.9984069028523331	true	true	atom_local	strict_fake_ge_1e_m3_repr_ge_0p99	0.0007319950126535483	0.9992680049873464	3.84529887029638e-18	3.0670679654488775e-21	3.815408781899145e-23	3.0423655852351727e-22	1.0	b_dxy5:4.414606225221e-01,b_dxy4:1.271252301314e-01,b_dxx5:1.213093070531e-01,b_dyy5:1.213093069625e-01,b_dxy6:5.618539733557e-02,b_dyy4:3.493284064258e-02,b_dxx4:3.493284061492e-02,b_dxx6:1.543922893350e-02
77	1.690218558490563	1.1496280466974535e-11	-6.667377004302761e-13	2.0932232499332217	2.0932232499305985	1.9760065388774206	0.00137538102201838	0.9986246189779813	2	b_s5	b_s	s	2.4072969861894356	0.4333542002961295	0.21446253737186638	0.05093478028102896	0.8612732034303593	false	false	atom_local	fake_high_ambiguous_or_poor	0.17596007771400718	0.8240399222859929	0.8276943828120779	2.9471896584998734e-24	7.228275560856884e-25	0.0008758871155546757	0.17142973007236748	b_s5:3.710524026521e-01,b_s4:2.612777926515e-01,b_s3:1.046075040095e-01,b_s8:6.992970403973e-02,b_dzz2:2.671707872888e-02,b_dxx2:2.642964795455e-02,b_dyy2:2.642964795455e-02,b_dzz1:2.366145483001e-02
78	1.8133236567107385	-1.5572575621677719e-12	-1.068102641046252e-11	1.3108750744717639	2.203663532083344	1.004310479998478	0.00042319844999685495	0.9995768015500028	2	b_py7	b_py	py	2.793920256645195	0.5602105775398311	0.28389909990489737	0.7809162970633555	0.9895987140233119	false	true	atom_local	relaxed_atom_local_fake_ge_1e_m3_repr_ge_0p95	7.639725399910645e-6	0.9999923602745997	3.3392184046121996e-20	0.022734208307712514	0.9768842016105886	1.210358845386063e-22	0.00038159008169878826	b_py7:4.767980795484e-01,b_py3:4.385819096261e-01,b_py8:3.068240201000e-02,b_py6:1.318533729265e-02,b_px7:1.109612259393e-02,b_px3:1.020674966081e-02,b_py4:9.186327788886e-03,b_py5:8.121062892276e-03
79	1.8133236567253077	-4.324027822583243e-11	7.8835715809653e-12	2.203663531815161	1.3108750743122517	1.0043104798748428	0.00042319844997762874	0.9995768015500226	2	b_px7	b_px	px	2.793920256642828	0.5602105775395182	0.28389909990456375	0.7809162970525818	0.9895987140280034	false	true	atom_local	relaxed_atom_local_fake_ge_1e_m3_repr_ge_0p95	7.639725398858336e-6	0.9999923602746013	2.6184080091308197e-19	0.9768842016110617	0.02273420830728662	4.6682976070138435e-22	0.0003815900816515275	b_px7:4.767980795474e-01,b_px3:4.385819096270e-01,b_px8:3.068240200976e-02,b_px6:1.318533729273e-02,b_py7:1.109612259371e-02,b_py3:1.020674966063e-02,b_px4:9.186327789162e-03,b_px5:8.121062892774e-03
80	1.830742928957564	2.133380672633925e-11	1.4664526667064238e-12	2.417567021378552	2.417567021379704	1.5998590269127466	0.04806957591854521	0.9519304240814547	2	b_s6	b_s	s	2.4233204583308825	0.41978803398592135	0.1925782625071525	0.7226722993228214	0.9856517749052796	false	true	atom_local	relaxed_atom_local_fake_ge_1e_m3_repr_ge_0p95	0.11820339827353195	0.881796601726468	0.9116632652403699	2.0131053010463428e-20	2.225425239881847e-22	0.007808960860966976	0.0805277738986631	b_s6:5.835685000723e-01,b_s3:9.024323373161e-02,b_s8:8.776592432052e-02,b_s7:5.008123079494e-02,b_s9:3.129284374227e-02,b_s4:2.043685142627e-02,a_s4:2.043255321427e-02,a_s3:9.726654983594e-03
81	1.9181897353833843	-4.3036918240803507e-14	-1.4714736259511507e-12	2.7500763166940967	4.7298909826705176	2.1968876512607305	0.22197850566873117	0.778021494331269	2	b_py7	b_py	py	2.738079578164101	0.5599991598389379	0.2817671995382255	1.2629530908232312	0.9965047846235808	true	true	atom_local	strict_fake_ge_1e_m3_repr_ge_0p99	3.6695910713556157e-5	0.9999633040892866	4.65593369255148e-21	0.005281289539325694	0.992503545835553	3.901225868097719e-23	0.0022151646251214892	b_py7:4.092148200248e-01,b_py3:3.413810984440e-01,a_py7:1.270777505777e-01,a_py3:9.059695928682e-02,b_py8:1.125334774497e-02,b_py6:7.397302252253e-03,b_py4:2.890762819972e-03,b_px7:2.177505518669e-03
82	1.9181897353868633	-8.949510038464925e-12	4.048881379076079e-12	4.729890982934078	2.750076316851617	2.1968876513946576	0.22197850564792249	0.7780214943520771	2	b_px7	b_px	px	2.7380795781641387	0.5599991598386983	0.28176719953801366	1.262953090843867	0.99650478462418	true	true	atom_local	strict_fake_ge_1e_m3_repr_ge_0p99	3.669591070695392e-5	0.9999633040892928	1.2351040152742613e-19	0.9925035458346658	0.005281289540463256	7.3716081519402e-23	0.0022151646248707727	b_px7:4.092148200327e-01,b_px3:3.413810984542e-01,a_px7:1.270777505654e-01,a_px3:9.059695927845e-02,b_px8:1.125334774573e-02,b_px6:7.397302252582e-03,b_px4:2.890762820451e-03,b_py7:2.177505519154e-03
83	2.024948190885925	-1.5891768283365262e-12	-7.340109019277203e-13	1.8311561311638374	1.8311561311710614	1.5113314337904125	0.017639450914685502	0.9823605490853148	2	b_s4	b_s	s	2.5397453344382694	0.48427674117939756	0.23827270038806028	0.7486306558490554	0.964633665463177	false	true	atom_local	relaxed_atom_local_fake_ge_1e_m3_repr_ge_0p95	0.00955212299086461	0.9904478770091355	0.7637121755971135	9.64120147705512e-23	1.4337172050292888e-23	0.0841578657595293	0.1521299586433572	b_s4:3.238265202315e-01,b_s6:2.177144406032e-01,b_s8:1.846253087504e-01,b_dzz2:3.582735156135e-02,b_dxx2:3.546412863594e-02,b_dyy2:3.546412863593e-02,b_pz7:3.292838048746e-02,b_pz3:3.115288500060e-02
84	2.048452110144167	-4.563179375713661e-13	7.709107626079303e-13	3.11644011606046	3.116440116055597	1.787680237134528	0.06601944774923817	0.933980552250762	2	b_dxx5	b_dxx	dxx	2.752694846117886	0.46556891160329855	0.23454332987397267	0.7386262949108572	0.9983252500223818	true	true	atom_local	strict_fake_ge_1e_m3_repr_ge_0p99	0.0039047370756076175	0.9960952629243924	7.55915389247502e-20	1.745528985342243e-21	1.8897961822895383e-21	4.068285062445714e-21	1.0000000000000002	b_dxx5:1.252898272991e-01,b_dyy5:1.252898272940e-01,b_dxx4:1.181194692112e-01,b_dyy4:1.181194691698e-01,b_dyy6:9.686131315362e-02,b_dxx6:9.686131315354e-02,b_dyy3:8.744841714021e-02,b_dxx3:8.744841712022e-02
85	2.048452110144193	-3.032788894483824e-15	-4.256955249753013e-12	3.116440116057836	3.116440116058259	1.7876802371345184	0.06601944774923676	0.9339805522507635	2	b_dxy5	b_dxy	dxy	2.7526948461178624	0.4655689116032954	0.23454332987396925	1.1010982107604033	0.9991379632158548	true	true	atom_local	strict_fake_ge_1e_m3_repr_ge_0p99	0.00390473707560752	0.9960952629243925	2.361164425692609e-19	2.796711804373223e-20	5.314600591048333e-22	2.2222072981067007e-20	1.0000000000000002	b_dxy5:2.490323918210e-01,b_dxy4:2.347802257204e-01,b_dxy6:1.925264405743e-01,b_dxy3:1.738168927902e-01,b_dxy2:7.085198230787e-02,a_dxy6:2.376940873681e-02,a_dxy3:1.537643527413e-02,a_dxy2:1.050268174924e-02
86	2.0760624387514244	4.745481710258071e-13	5.985032449952907e-13	2.6951641200400713	4.437596840912413	2.851826298865855	0.17883213459145245	0.8211678654085475	2	b_py7	b_py	py	2.872925200160486	0.5654430065525872	0.29101770194619403	0.611783729794804	0.9917494179906385	true	true	atom_local	strict_fake_ge_1e_m3_repr_ge_0p99	1.5278003455256736e-5	0.9999847219965454	2.030632289748214e-20	0.03884189690801759	0.9585835348789784	5.910762718493206e-23	0.002574568213004001	b_py7:3.580070121721e-01,b_py3:3.509885651351e-01,a_py7:8.960543710303e-02,a_py3:7.872731294852e-02,b_py8:4.546257316867e-02,b_py6:1.791528481355e-02,b_px7:1.450647852147e-02,b_px3:1.422209037331e-02
87	2.0760624387556184	1.3837451948680571e-11	-3.0478016232623215e-12	4.437596840713645	2.6951641199217247	2.851826298761378	0.17883213453869498	0.8211678654613048	2	b_px7	b_px	px	2.8729252001539995	0.5654430065520164	0.29101770194549825	0.6117837297616339	0.9917494179903822	true	true	atom_local	strict_fake_ge_1e_m3_repr_ge_0p99	1.5278003453622945e-5	0.9999847219965461	1.421355172867708e-19	0.9585835348807702	0.03884189690675846	2.917382526916115e-22	0.0025745682124711238	b_px7:3.580070122002e-01,b_px3:3.509885651596e-01,a_px7:8.960543707607e-02,a_px3:7.872731292547e-02,b_px8:4.546257316800e-02,b_px6:1.791528481383e-02,b_py7:1.450647852183e-02,b_py3:1.422209037357e-02
88	2.254632497492966	-9.143054626720453e-12	-1.6313993739753164e-12	1.838043016939024	1.8380430169387323	1.5154414984851234	0.01079096283444578	0.9892090371655544	2	b_s6	b_s	s	2.3033349578335414	0.40620228237387834	0.18053670844997594	0.9709620833379793	0.9760263057960151	false	true	atom_local	relaxed_atom_local_fake_ge_1e_m3_repr_ge_0p95	0.13022671894825824	0.8697732810517419	0.8989176267807818	3.640876208129307e-22	1.2622371513992956e-23	0.018812760834611576	0.08226961238460674	b_s6:6.054768420771e-01,b_s3:1.119515815973e-01,b_s7:5.971890420976e-02,b_s8:5.531136531024e-02,b_s5:2.989766923855e-02,b_s9:2.020954737875e-02,b_dyy3:1.001607512973e-02,b_dxx3:1.001607512973e-02
89	2.444277465324697	3.670907688327153e-13	1.5593269298336023e-12	1.79760158277377	2.9505859630915765	1.8866592387327759	0.11384347443205976	0.8861565255679404	2	b_py7	b_py	py	2.899388362266826	0.5690272002526671	0.2947028369658003	0.8867232534019625	0.9966005345472966	true	true	atom_local	strict_fake_ge_1e_m3_repr_ge_0p99	8.881310250856322e-6	0.9999911186897492	1.5893576145618663e-20	0.04129348846360149	0.9563901657330549	2.6699034673882578e-24	0.002316345803343731	b_py7:4.033445048391e-01,b_py3:3.715233486587e-01,a_py7:5.396205157752e-02,a_py3:5.170857881586e-02,b_py8:4.936099105440e-02,b_px7:1.741496541316e-02,b_px3:1.604104230862e-02,b_py6:1.278959462284e-02
90	2.44427746532696	1.8674496914236408e-11	-3.890975295285339e-12	2.9505859630968776	1.7976015827783278	1.8866592387351375	0.11384347441029752	0.8861565255897025	2	b_px7	b_px	px	2.8993883622614365	0.5690272002521993	0.2947028369652308	0.8867232533969222	0.9966005345474385	true	true	atom_local	strict_fake_ge_1e_m3_repr_ge_0p99	8.881310250449616e-6	0.9999911186897495	1.064246343823728e-19	0.9563901657345099	0.0412934884624315	9.468286926134535e-22	0.002316345803058687	b_px7:4.033445048507e-01,b_px3:3.715233486697e-01,a_px7:5.396205156690e-02,a_px3:5.170857880596e-02,b_px8:4.936099105358e-02,b_py7:1.741496541293e-02,b_py3:1.604104230842e-02,b_px6:1.278959462322e-02
91	2.493320730697965	-6.841239002742364e-12	2.0777621511576686e-12	1.5104243828501274	1.5104243828457569	1.1790192931352967	0.08208583324306606	0.9179141667569338	2	b_s4	b_s	s	2.7532822015176834	0.5084833726585246	0.26690325424278843	0.5137722321006553	0.9845656890119723	false	true	atom_local	relaxed_atom_local_fake_ge_1e_m3_repr_ge_0p95	0.041898828930882356	0.9581011710691174	0.5510767842257385	5.0613777224815804e-23	5.28400625038477e-24	0.36856736794608447	0.08035584782817719	b_s4:3.038603416643e-01,b_pz3:1.809370695064e-01,b_pz7:1.556435369694e-01,b_s8:4.959767411187e-02,b_s7:4.348517517449e-02,b_s6:4.344992106033e-02,b_s9:2.572825943479e-02,a_s4:2.189320065648e-02
92	2.7470919911998424	-4.9910830808748495e-12	1.1969215371983557e-11	5.129602391540815	5.129602391536809	3.4342190901893654	0.3357213388367639	0.664278661163236	2	b_s4	b_s	s	2.719779762074142	0.47317578220308126	0.25842181796717384	0.7726594682255536	0.975897114324792	false	false	bond_axis_midbond	fake_high_bond_spanning	0.12025085583150893	0.8797491441684908	0.8285258050843545	1.4221541042252623e-22	3.187968181930395e-24	0.07351703095857288	0.09795716395707274	b_s4:4.004114152592e-01,a_s4:1.471374045154e-01,a_s6:8.009355925518e-02,a_s3:5.957309429179e-02,b_s6:4.342727943175e-02,b_s3:3.715505704575e-02,b_pz7:3.096238534680e-02,b_s9:2.874140704162e-02
93	2.9013110313391755	-6.382972941612408e-12	-8.757724541194963e-13	5.957240247251554	5.957240247254571	4.128156515311872	0.10143753041563111	0.898562469584369	2	b_s4	b_s	s	2.870454171851166	0.483853011421276	0.26097729175780365	0.23807404745797692	0.9726362521772985	false	true	atom_local	relaxed_atom_local_fake_ge_1e_m3_repr_ge_0p95	0.10052555030467566	0.8994744496953244	0.6964352362461458	3.041748199974821e-23	3.4168824467374164e-24	0.043016166900886006	0.2605485968529682	b_s4:3.270528027485e-01,b_s5:1.356620356554e-01,b_s6:1.065779916472e-01,b_dxx2:5.647282037174e-02,b_dyy2:5.647282037174e-02,b_dzz2:5.064741308577e-02,a_s5:3.400059876133e-02,b_s3:3.160407447311e-02
94	3.098168761562496	-1.4312180316152757e-13	-7.089774392972648e-13	4.999273086053026	4.999273086057068	2.7488898799835972	0.09905569658632497	0.9009443034136752	2	b_dyy6	b_dyy	dyy	4.288590552401773	0.7497541269467893	0.5118039295244491	0.6332143194213602	0.9992418296063039	true	true	atom_local	strict_fake_ge_1e_m3_repr_ge_0p99	0.003650188768515432	0.9963498112314845	1.2232217633448315e-20	5.754740188416022e-23	2.7978339079072106e-23	3.5357883304984775e-22	1.0000000000000002	b_dyy6:3.100908432364e-01,b_dxx6:3.100908432359e-01,a_dxx6:4.659359105253e-02,a_dyy6:4.659359105198e-02,b_dxx4:3.926789839842e-02,b_dyy4:3.926789838889e-02,b_dyy5:3.634975239271e-02,b_dxx5:3.634975239261e-02
95	3.0981687615625	2.8652662058985573e-12	2.463770600880486e-12	4.999273086054887	4.999273086055222	2.7488898799836	0.09905569658632475	0.9009443034136752	2	b_dxy6	b_dxy	dxy	4.288590552401758	0.749754126946786	0.5118039295244458	0.9252284570464016	0.9995631997439578	true	true	atom_local	strict_fake_ge_1e_m3_repr_ge_0p99	0.0036501887685154452	0.9963498112314845	2.5040968624637252e-20	1.473229660216361e-21	8.860068291809284e-22	7.06307361968911e-22	0.9999999999999999	b_dxy6:6.041237827003e-01,a_dxy6:9.077435561243e-02,b_dxy4:7.650232773304e-02,b_dxy5:7.081715050498e-02,b_dxy3:6.894670998042e-02,b_dxy2:3.525976265137e-02,b_dxx6:1.476610560632e-02,b_dyy6:1.476610560559e-02
96	3.123547521284662	-1.4172050533678406e-12	1.2676313049836132e-12	1.9683124133006185	3.1565397685752323	1.822647819197937	0.1847232186169094	0.8152767813830906	2	b_py7	b_py	py	3.0882893233709	0.5858620336003603	0.3147450967506318	1.008527680988931	0.9987411070680854	true	true	atom_local	strict_fake_ge_1e_m3_repr_ge_0p99	0.0001340347628673012	0.9998659652371326	7.64555027630481e-21	0.059363024102845934	0.9309401238628813	3.845794500503464e-23	0.009696852034272715	b_py7:3.470292371168e-01,b_py3:3.209723190649e-01,a_py7:8.514023316968e-02,a_py3:8.429392418291e-02,b_py8:8.350798532335e-02,b_px7:2.212892584581e-02,b_px3:2.046736092371e-02,b_py4:6.006974447835e-03
97	3.1235475212849133	-2.4965545633456085e-12	-5.435287355097997e-13	3.1565397685750862	1.9683124133008365	1.8226478191969058	0.1847232185937465	0.8152767814062536	2	b_px7	b_px	px	3.088289323364075	0.5858620335998033	0.3147450967499208	1.0085276809881467	0.9987411070681094	true	true	atom_local	strict_fake_ge_1e_m3_repr_ge_0p99	0.00013403476285832685	0.9998659652371418	3.943302276563071e-20	0.9309401238651508	0.05936302410125418	2.642134215889648e-22	0.00969685203359514	b_px7:3.470292371299e-01,b_px3:3.209723190772e-01,a_px7:8.514023315842e-02,a_px3:8.429392417208e-02,b_px8:8.350798532210e-02,b_py7:2.212892584548e-02,b_py3:2.046736092340e-02,b_px4:6.006974448104e-03
98	3.343824877401314	-5.838164403760724e-12	-1.3212032369438787e-12	2.065653262063614	2.0656532620623227	1.4509426018089062	0.03573166063764668	0.964268339362353	2	b_pz7	b_pz	pz	2.775419236794422	0.5254732833675918	0.2692099595692299	0.6347811550216238	0.9907521842969714	true	true	atom_local	strict_fake_ge_1e_m3_repr_ge_0p99	0.024999155049770783	0.975000844950229	0.3061912735489305	1.3710256923612027e-22	4.75252013730967e-24	0.5980342200165293	0.09577450643454023	b_pz7:2.750426806651e-01,b_pz3:2.722998356831e-01,b_s4:1.183929136387e-01,b_s6:6.657001797989e-02,b_s5:4.095792544387e-02,b_s7:3.631779623442e-02,b_dzz2:2.565085210444e-02,b_pz8:2.411906312797e-02
99	3.5532184862632983	2.130195374123385e-12	1.1053229766220861e-12	2.6321054166816755	2.632105416683059	1.8297810663923195	0.11904285915967097	0.8809571408403286	2	b_s5	b_s	s	2.286612474867168	0.3898378536810379	0.1846661394730222	2.0483570557974797	0.9968687443948436	true	true	atom_local	strict_fake_ge_1e_m3_repr_ge_0p99	0.2784028896876344	0.7215971103123653	0.7212926850992343	4.756063516243952e-24	9.996076868221889e-25	0.06256802893842184	0.2161392859623438	b_s5:1.989229105068e-01,b_s4:1.831758711499e-01,b_s3:1.535748914035e-01,b_s6:1.034398378948e-01,b_dzz1:4.046611060173e-02,b_dyy1:3.759868055579e-02,b_dxx1:3.759868055579e-02,a_pz3:3.478163858004e-02
100	4.349555556766959	2.8116856629884612e-14	2.5370095116736454e-12	2.1584511283863588	3.7299372359539493	1.7695984442942054	0.4115980331744311	0.588401966825569	2	b_py3	b_py	py	3.0739963079736072	0.5739383800684266	0.3056065001603356	0.9968595222244168	0.9994411358017656	true	false	transverse_bond	strict_fake_ge_1e_m3_repr_ge_0p99	0.0012285497936377707	0.9987714502063623	3.8182931543600134e-21	0.0016462739286551573	0.9492883915773798	3.0187527701837815e-22	0.049065334493965065	b_py3:2.544200386465e-01,a_py3:2.194700069362e-01,b_py7:2.140771293114e-01,a_py7:1.352533562591e-01,b_py8:6.942752328685e-02,a_py8:3.341551252562e-02,b_dyz4:1.379575741177e-02,b_dyz3:1.246148547672e-02
101	4.34955555676716	6.292032923812513e-12	-5.485050717160997e-13	3.7299372359564877	2.1584511283878682	1.7695984442952624	0.4115980331529454	0.5884019668470545	2	b_px3	b_px	px	3.0739963079695354	0.5739383800685762	0.30560650016022717	0.996859522224783	0.9994411358017895	true	false	transverse_bond	strict_fake_ge_1e_m3_repr_ge_0p99	0.0012285497935843731	0.9987714502064157	3.361386654162029e-20	0.9492883915794232	0.0016462739288711956	1.4931594499156914e-21	0.04906533449170558	b_px3:2.544200386576e-01,a_px3:2.194700069249e-01,b_px7:2.140771293231e-01,a_px7:1.352533562519e-01,b_px8:6.942752328695e-02,a_px8:3.341551252404e-02,b_dxz4:1.379575741114e-02,b_dxz3:1.246148547615e-02
102	4.5376040583837405	-1.6135467471078712e-11	-5.7955434521328486e-12	2.957814230738467	2.9578142307308966	1.8379805254584105	0.26945589463388037	0.73054410536612	2	b_s4	b_s	s	2.5809575157300944	0.47124945275717167	0.24929882399286504	0.9132771574792399	0.9929741215859902	true	true	atom_local	strict_fake_ge_1e_m3_repr_ge_0p99	0.1430089773639847	0.8569910226360153	0.6572059973971456	2.7049583909668906e-23	1.6807465988162356e-24	0.30290463836795684	0.039889364234897494	b_s4:3.245836849644e-01,b_pz7:1.736475944440e-01,a_s4:1.063055108130e-01,b_pz3:9.277236104605e-02,b_s3:7.818483656615e-02,a_s6:6.481124636737e-02,a_s3:4.627072393899e-02,a_pz7:2.665063945645e-02
103	5.131522308846978	-6.821477550229111e-12	-4.5442496070392774e-12	5.758735341166156	5.758735341167851	3.798179086397622	0.09898609701136178	0.901013902988638	2	b_s4	b_s	s	2.3878615419708664	0.4189445150762686	0.21440300512642088	0.5507093692599647	0.9871648962682309	false	false	outer_tail	fake_high_ambiguous_or_poor	0.21839048786595633	0.7816095121340434	0.8195205705944391	6.189156518567132e-24	1.3609360318862732e-24	0.05521765880570437	0.12526177059985666	b_s4:4.443217314825e-01,b_s3:1.501903140450e-01,b_s6:9.758968634016e-02,b_s5:3.986591575195e-02,a_s6:2.765377106389e-02,b_dzz1:2.104844474401e-02,a_s4:2.097460243383e-02,b_dzz2:2.083276857542e-02
104	5.798131209236177	1.578569858522244e-12	1.2310129433980008e-12	3.9800324941650222	3.980032494169021	2.7516958196723107	0.06025985227709108	0.9397401477229093	2	b_s4	b_s	s	2.471509142329258	0.41923594040704254	0.21925560823255164	1.197154669153897	0.997208071237229	true	false	outer_tail	strict_fake_ge_1e_m3_repr_ge_0p99	0.22800164473133783	0.7719983552686627	0.8411576616490523	2.5121280261762666e-24	7.704626669531837e-25	0.02728556412903067	0.131556774221917	b_s4:4.659330897680e-01,b_s3:1.532907934651e-01,b_s6:1.057391665510e-01,b_s5:3.764920458020e-02,b_dyy2:2.179539024381e-02,b_dxx2:2.179539024381e-02,b_dyy1:2.155909227417e-02,b_dxx1:2.155909227417e-02
105	6.247944814708774	-1.0479252107171643e-12	3.3397094281876106e-12	3.2002890255482166	5.003830989348999	2.1886975184420567	0.5516104758507439	0.44838952414925637	1	a_py7	a_py	py	2.8334136219582886	0.5690915612080384	0.2923478595928568	0.8794468685974844	0.9990891582824795	true	false	transverse_bond	strict_fake_ge_1e_m3_repr_ge_0p99	6.144555123426172e-5	0.9999385544487664	1.0340115868125044e-21	0.08003282869170465	0.9129196813698953	1.0489523500440505e-22	0.007047489938400248	a_py7:2.788765602163e-01,b_py7:2.255511316559e-01,a_py3:2.136356945952e-01,b_py3:1.666284728039e-01,a_px7:2.444824054527e-02,b_px7:1.977336610282e-02,a_px3:1.872877679811e-02,b_px3:1.460779988895e-02
106	6.247944814710413	1.4691479318328287e-11	3.662863090510619e-12	5.003830989351373	3.200289025548577	2.188697518441146	0.5516104758360653	0.4483895241639346	1	a_px7	a_px	px	2.8334136219578916	0.5690915612079499	0.2923478595927657	0.8794468685967706	0.999089158282616	true	false	transverse_bond	strict_fake_ge_1e_m3_repr_ge_0p99	6.144555123198452e-5	0.999938554448768	1.266017160186631e-20	0.9129196813750956	0.0800328286867024	6.117357045284022e-22	0.0070474899382021085	a_px7:2.788765602080e-01,b_px7:2.255511316662e-01,a_px3:2.136356945888e-01,b_px3:1.666284728131e-01,a_py7:2.444824054549e-02,b_py7:1.977336609993e-02,a_py3:1.872877679836e-02,b_py3:1.460779988659e-02
107	8.031097796363564	-1.7120819461583684e-13	-1.923598053243761e-12	3.0194495404640396	3.0194495404652995	2.3133198615850676	0.435777799822318	0.5642222001776825	2	b_pz7	b_pz	pz	2.876294997095713	0.5297914316037741	0.28164900010868066	0.7935469995774265	0.9992566328259861	true	false	bond_axis_midbond	strict_fake_ge_1e_m3_repr_ge_0p99	0.05051737452223774	0.9494826254777629	0.4556537521296925	9.189524137448891e-24	2.1871046182875646e-24	0.47768235308860607	0.06666389478170158	b_pz7:2.598663436471e-01,b_pz3:1.687715586374e-01,a_s4:1.607970699778e-01,a_s6:9.347717155881e-02,b_s5:5.226721485205e-02,a_s5:3.938371816926e-02,a_s3:3.585718265603e-02,a_pz7:3.429611167836e-02
108	9.185825405074317	-1.1865270178249892e-12	2.1043107191186616e-13	4.810825175943496	4.810825175944359	3.915648139794314	0.5380761092192159	0.46192389078078416	1	a_s4	a_s	s	2.9346953907054933	0.49323732336471265	0.2728884835182164	0.32166482125115425	0.9992060402514744	true	false	bond_axis_midbond	strict_fake_ge_1e_m3_repr_ge_0p99	0.12769842155981678	0.8723015784401831	0.7031103528641396	6.772340174096102e-24	5.722407972966016e-25	0.08875579342458052	0.20813385371127974	a_s4:2.297550846545e-01,b_s5:1.462069234369e-01,a_s6:1.292317485606e-01,a_s3:5.411243790763e-02,b_s4:4.989720277774e-02,b_pz8:4.209446180107e-02,b_dyy2:3.210372778379e-02,b_dxx2:3.210372778379e-02
