variant	stage	status	drop_reason	direction	fake_rdm_weight	representability	shape	dominant_owner	dominant_label	dominant_channel	dominant_l	dominant_shell	z_center	rms_x	rms_y	rms_z	owner1_fraction	owner2_fraction	midpoint_tail	other_center_tail	width	s_fraction	px_fraction	py_fraction	pz_fraction	d_fraction	top_labels
s0.99	representability_drop	dropped	s_below_cut	5	0.014946800013859018	0.925153078693937	bond_axis_midbond	2	b_s6	s	0	6	1.6287466568700754e-6	1.5426661598166882	1.5426661598444102	2.367702266780317	0.499999490875924	0.5000005091240763	0.37900797330813113	0.1881365925684951	2.4613244844353397	0.934462108949751	8.245302315230786e-22	2.998648924106368e-22	0.010395420949096361	0.055142470101152655	b_s6:1.738913188471e-01,a_s6:1.738910063921e-01,b_s7:1.183924432092e-01,a_s7:1.183922090904e-01,b_s3:1.005624676821e-01,a_s3:1.005622435817e-01,b_s4:3.912556005668e-02,a_s4:3.912544102076e-02
s0.99	representability_drop	dropped	s_below_cut	6	0.022815601434060088	0.9338154693889682	bond_axis_midbond	1	a_s6	s	0	6	-1.7007783048511243e-6	1.5014135698920532	1.50141356986613	2.262308740604725	0.500000580343321	0.4999994196566792	0.371943223818868	0.18819750005857744	2.4699451648891446	0.9265990764889245	2.2363996946442242e-21	1.9830723322942884e-22	7.662883546346664e-6	0.07339326062752942	a_s6:1.364696863418e-01,b_s6:1.364693216648e-01,a_s3:1.112958424254e-01,b_s3:1.112955876978e-01,a_s7:1.082429558349e-01,b_s7:1.082426796899e-01,a_s4:6.153596400545e-02,b_s4:6.153584779784e-02
s0.99	representability_drop	dropped	s_below_cut	7	0.010276401326699361	0.9654794281328943	transverse_bond	2	b_py7	py	1	7	2.0085240233657752e-8	1.3314685247940656	2.25877082603459	2.4884980861611914	0.49999999430166703	0.5000000056983332	0.558721379057369	0.28182847717926235	2.7709010225986663	8.425630780168434e-19	0.015735412597987077	0.9841614262809547	2.4519346734571894e-20	0.00010316112105827367	b_py7:2.398119574419e-01,a_py7:2.398119520295e-01,b_py3:2.245806109577e-01,a_py3:2.245806058424e-01,b_py8:1.321971359429e-02,a_py8:1.321971326956e-02,b_py6:7.292134132558e-03,a_py6:7.292133952229e-03
s0.99	representability_drop	dropped	s_below_cut	8	0.010276401331954045	0.9654794281417473	transverse_bond	2	b_px7	px	1	7	1.0118321825982086e-8	2.2587708259618564	1.3314685247422238	2.4884980860667056	0.4999999971350409	0.500000002864959	0.558721379057198	0.2818284771791223	2.7709010225982533	5.196968247102183e-18	0.9841614262800175	0.01573541259893703	2.757329279912271e-20	0.00010316112104519928	b_px7:2.398119560796e-01,a_px7:2.398119533899e-01,b_px3:2.245806096713e-01,a_px3:2.245806071288e-01,b_px8:1.321971351259e-02,a_px8:1.321971335142e-02,b_px6:7.292134087467e-03,a_px6:7.292133997706e-03
s0.99	representability_drop	dropped	s_below_cut	13	0.012254803639550324	0.9876836478668909	bond_axis_midbond	1	a_s4	s	0	4	2.747983385243657e-7	6.19214411946855	6.192144119470146	4.810186097505737	0.4999999501139417	0.5000000498860584	0.4285140962015861	0.21309592958257154	2.3750681534346887	0.7346240104389425	1.2483047923997785e-21	1.2861342797378416e-21	0.0007115032275005139	0.2646644863335571	a_s4:1.786788124483e-01,b_s4:1.786785029643e-01,b_s5:5.148553319248e-02,a_s5:5.148550253173e-02,b_s3:4.169722804112e-02,a_s3:4.169709195907e-02,b_s6:3.876910930191e-02,a_s6:3.876899832101e-02
s0.99	representability_drop	dropped	s_below_cut	14	0.045831743270148176	0.9886663991360818	bond_axis_midbond	2	b_s4	s	0	4	-2.301269946171184e-7	2.49323319933477	2.4932331993446875	4.717527348466769	0.4999999759483454	0.5000000240516549	0.38159152553929787	0.19828988168904968	2.3260790491939733	0.9234669798011355	2.7251835185412273e-22	1.1845345858160492e-22	0.039724477102995606	0.03680854309586897	b_s4:2.268280611960e-01,a_s4:2.268280079284e-01,b_s3:1.348402353444e-01,a_s3:1.348402353266e-01,b_s6:7.211109744156e-02,a_s6:7.211109532397e-02,b_s7:1.498217797181e-02,a_s7:1.498217734307e-02
s0.99_shape_none_occ_0.01	fake_drop	dropped	fake_below_occ_cut	8	0.003382362118789034	0.9986426672206875	bond_axis_midbond	1	a_s4	s	0	4	4.581717682650007e-9	3.8512498412769105	3.85124984127709	7.161070958265461	0.4999999993564984	0.5000000006435014	0.45755899777337583	0.24876099712257338	2.7562313728633225	0.7752865019897321	8.988165502192123e-22	4.373033662738443e-22	0.07595852439884641	0.14875497361142145	a_s4:1.438196120604e-01,b_s4:1.438196029609e-01,a_s5:1.342434706824e-01,b_s5:1.342434601364e-01,b_s3:4.549515616332e-02,a_s3:4.549514939450e-02,a_pz7:2.858540247571e-02,b_pz7:2.858540225370e-02
s0.99_shape_none_occ_0.01	fake_drop	dropped	fake_below_occ_cut	9	0.004826971110559517	0.9977041887877515	bond_axis_midbond	1	a_s4	s	0	4	-2.7917163988168755e-7	2.515117250122983	2.5151172501226573	3.568564573538626	0.5000002309917063	0.4999997690082932	0.45230296772986583	0.2561331172480665	2.9144979564156235	0.8176430842006485	1.5260574483153126e-21	1.858200132296136e-21	0.11497149709787526	0.06738541870147613	a_s4:1.837423465113e-01,b_s4:1.837422381655e-01,a_s3:9.321117223040e-02,b_s3:9.321099283512e-02,a_s6:5.514636430053e-02,b_s6:5.514624537138e-02,b_pz3:3.221356275012e-02,a_pz3:3.221355969139e-02
s0.99_shape_none_occ_0.01	fake_drop	dropped	fake_below_occ_cut	10	0.005010545254853623	0.9978267110333077	bond_axis_midbond	2	b_s3	s	0	3	2.3349974983459602e-7	4.78356555446996	4.783565554470028	3.9743025675352044	0.4999999193473836	0.5000000806526166	0.29400623859394587	0.13213192112050542	1.94433925748319	0.8703957439759455	1.090096903183072e-21	1.1400794538474627e-22	0.00015339010013232167	0.1294508659239222	b_s3:1.763052408425e-01,a_s3:1.763051857972e-01,b_s6:8.718559471830e-02,a_s6:8.718555559945e-02,b_s4:7.316697802625e-02,a_s4:7.316693782202e-02,b_s5:4.993836432093e-02,a_s5:4.993835585005e-02
s0.99_shape_none_occ_0.01	fake_drop	dropped	fake_below_occ_cut	11	0.008763924997481133	0.9957323929742361	transverse_bond	2	b_px7	px	1	7	6.589430523400367e-11	3.8284030367947675	2.250741737097014	4.23766568818672	0.49999999917646104	0.5000000008235388	0.5606156834018691	0.29270283120410573	2.8577718044517195	3.4389940820750466e-19	0.924325528571437	0.01284996168960629	5.0086888325611414e-20	0.06282450973895665	b_px7:3.264896782475e-01,a_px7:3.264896771839e-01,b_px3:9.822307395973e-02,a_px3:9.822307339041e-02,b_px8:1.571162278255e-02,a_px8:1.571162272262e-02,a_px4:1.049953920328e-02,b_px4:1.049953917458e-02
s0.99_shape_none_occ_0.01	fake_drop	dropped	fake_below_occ_cut	12	0.00876392499753987	0.9957323929741245	transverse_bond	2	b_py7	py	1	7	5.493627701538226e-11	2.2507417370765817	3.8284030367594872	4.237665688153807	0.4999999993230923	0.5000000006769076	0.560615683387576	0.29270283119488644	2.857771804408024	1.3797151648781706e-18	0.012849961688287618	0.9243255285350488	3.441438499404401e-20	0.06282450977666383	b_py7:3.264896781549e-01,a_py7:3.264896772809e-01,b_py3:9.822307386528e-02,a_py3:9.822307339740e-02,b_py8:1.571162277606e-02,a_py8:1.571162272682e-02,a_py4:1.049953921179e-02,b_py4:1.049953918821e-02
s0.99_shape_none_occ_0.03	fake_drop	dropped	fake_below_occ_cut	8	0.003382362118789034	0.9986426672206875	bond_axis_midbond	1	a_s4	s	0	4	4.581717682650007e-9	3.8512498412769105	3.85124984127709	7.161070958265461	0.4999999993564984	0.5000000006435014	0.45755899777337583	0.24876099712257338	2.7562313728633225	0.7752865019897321	8.988165502192123e-22	4.373033662738443e-22	0.07595852439884641	0.14875497361142145	a_s4:1.438196120604e-01,b_s4:1.438196029609e-01,a_s5:1.342434706824e-01,b_s5:1.342434601364e-01,b_s3:4.549515616332e-02,a_s3:4.549514939450e-02,a_pz7:2.858540247571e-02,b_pz7:2.858540225370e-02
s0.99_shape_none_occ_0.03	fake_drop	dropped	fake_below_occ_cut	9	0.004826971110559517	0.9977041887877515	bond_axis_midbond	1	a_s4	s	0	4	-2.7917163988168755e-7	2.515117250122983	2.5151172501226573	3.568564573538626	0.5000002309917063	0.4999997690082932	0.45230296772986583	0.2561331172480665	2.9144979564156235	0.8176430842006485	1.5260574483153126e-21	1.858200132296136e-21	0.11497149709787526	0.06738541870147613	a_s4:1.837423465113e-01,b_s4:1.837422381655e-01,a_s3:9.321117223040e-02,b_s3:9.321099283512e-02,a_s6:5.514636430053e-02,b_s6:5.514624537138e-02,b_pz3:3.221356275012e-02,a_pz3:3.221355969139e-02
s0.99_shape_none_occ_0.03	fake_drop	dropped	fake_below_occ_cut	10	0.005010545254853623	0.9978267110333077	bond_axis_midbond	2	b_s3	s	0	3	2.3349974983459602e-7	4.78356555446996	4.783565554470028	3.9743025675352044	0.4999999193473836	0.5000000806526166	0.29400623859394587	0.13213192112050542	1.94433925748319	0.8703957439759455	1.090096903183072e-21	1.1400794538474627e-22	0.00015339010013232167	0.1294508659239222	b_s3:1.763052408425e-01,a_s3:1.763051857972e-01,b_s6:8.718559471830e-02,a_s6:8.718555559945e-02,b_s4:7.316697802625e-02,a_s4:7.316693782202e-02,b_s5:4.993836432093e-02,a_s5:4.993835585005e-02
s0.99_shape_none_occ_0.03	fake_drop	dropped	fake_below_occ_cut	11	0.008763924997481133	0.9957323929742361	transverse_bond	2	b_px7	px	1	7	6.589430523400367e-11	3.8284030367947675	2.250741737097014	4.23766568818672	0.49999999917646104	0.5000000008235388	0.5606156834018691	0.29270283120410573	2.8577718044517195	3.4389940820750466e-19	0.924325528571437	0.01284996168960629	5.0086888325611414e-20	0.06282450973895665	b_px7:3.264896782475e-01,a_px7:3.264896771839e-01,b_px3:9.822307395973e-02,a_px3:9.822307339041e-02,b_px8:1.571162278255e-02,a_px8:1.571162272262e-02,a_px4:1.049953920328e-02,b_px4:1.049953917458e-02
s0.99_shape_none_occ_0.03	fake_drop	dropped	fake_below_occ_cut	12	0.00876392499753987	0.9957323929741245	transverse_bond	2	b_py7	py	1	7	5.493627701538226e-11	2.2507417370765817	3.8284030367594872	4.237665688153807	0.4999999993230923	0.5000000006769076	0.560615683387576	0.29270283119488644	2.857771804408024	1.3797151648781706e-18	0.012849961688287618	0.9243255285350488	3.441438499404401e-20	0.06282450977666383	b_py7:3.264896781549e-01,a_py7:3.264896772809e-01,b_py3:9.822307386528e-02,a_py3:9.822307339740e-02,b_py8:1.571162277606e-02,a_py8:1.571162272682e-02,a_py4:1.049953921179e-02,b_py4:1.049953918821e-02
s0.99_shape_none_occ_0.03	fake_drop	dropped	fake_below_occ_cut	13	0.01571314988201513	0.9988764021070916	bond_axis_midbond	1	a_s3	s	0	3	-4.691970171636895e-9	2.788203074306923	2.7882030743069217	4.038717806533728	0.5000000612476992	0.4999999387523006	0.25977417294928595	0.10830804868775616	1.9037205510987403	0.7773508463681212	3.375125374941979e-22	2.874690149627798e-21	0.05480060365452703	0.16784854997735188	a_s3:1.976863258907e-01,b_s3:1.976862815462e-01,a_s6:1.197639973377e-01,b_s6:1.197639603817e-01,a_dyy1:2.311334385900e-02,a_dxx1:2.311334385900e-02,b_dyy1:2.311333967262e-02,b_dxx1:2.311333967262e-02
s0.99_shape_none_occ_0.03	fake_drop	dropped	fake_below_occ_cut	14	0.018148906000277028	0.9988198008479395	bond_axis_midbond	2	b_s3	s	0	3	-5.729536358799305e-10	3.0793365469727516	3.0793365469686567	4.348055458669803	0.4999999851164359	0.5000000148835638	0.36666138970124296	0.1989765545480552	2.6857319229510943	0.8914144876540819	7.836329771618289e-22	1.280355076100615e-21	0.009014348859164092	0.09957116348675417	b_s3:1.455989428136e-01,a_s3:1.455989376909e-01,b_s6:1.116086339549e-01,a_s6:1.116086295920e-01,b_s4:1.043179471339e-01,a_s4:1.043179356432e-01,b_s9:4.497061936322e-02,a_s9:4.497061727945e-02
s0.99_shape_none_occ_0.03	fake_drop	dropped	fake_below_occ_cut	15	0.02140024502190882	0.9966243669673652	bond_axis_midbond	1	a_dyy6	dyy	2	6	-5.276240348590651e-15	4.29436088029563	4.2943608803051605	4.353835530572279	0.5000000000000006	0.4999999999999995	0.6113836675238501	0.376413574461699	3.6268629155555514	1.2078028386743974e-18	4.120547224808623e-21	6.25535220125153e-21	8.164663707649437e-21	1.0000000000000002	a_dyy6:1.206401210064e-01,b_dyy6:1.206401210004e-01,b_dxx6:1.206401209851e-01,a_dxx6:1.206401209791e-01,a_dyy5:5.032674532970e-02,b_dyy5:5.032674532136e-02,b_dxx5:5.032674531683e-02,a_dxx5:5.032674530849e-02
s0.99_shape_none_occ_0.03	fake_drop	dropped	fake_below_occ_cut	16	0.028633292248455015	0.9993877137517658	bond_axis_midbond	1	a_s3	s	0	3	3.5316539097149785e-9	4.255906549646084	4.25590654964647	3.6781058915913474	0.5000000263314798	0.4999999736685204	0.2469323503221266	0.1327284467776171	2.404394426425313	0.8465454306561347	8.245148412345823e-22	7.513286000612595e-22	0.0014364234038028068	0.1520181459400624	a_s3:2.607867344290e-01,b_s3:2.607867068538e-01,a_s9:4.824232730792e-02,b_s9:4.824232667063e-02,a_s6:3.495871763356e-02,b_s6:3.495870961506e-02,a_s2:2.853378814255e-02,b_s2:2.853378671956e-02
s0.99_shape_conservative	shape_drop	dropped	shape_filter	1	0.3836478176913248	0.9997855402945347	bond_axis_midbond	2	b_s4	s	0	4	-9.075367821806548	4.53557579844392	4.535575798443501	3.6810305009762967	0.28218806057645757	0.717811939423542	0.5397894210698988	0.3182469885560006	3.2165862571251784	0.7698394226886984	2.515703651900954e-22	1.8292781153264295e-22	0.14727011877140792	0.08289045853989353	b_s4:3.296021219719e-01,b_s6:1.583115404670e-01,a_pz8:8.129222652807e-02,b_s3:7.271654180147e-02,a_s5:6.424701750799e-02,a_s4:5.298083752149e-02,b_s5:3.565542640479e-02,b_pz7:3.058223986082e-02
s0.99_shape_conservative	shape_drop	dropped	shape_filter	2	0.8076171962251217	0.999722992820993	bond_axis_midbond	1	a_pz7	pz	1	7	-7.902770836655373	2.9795583035780733	2.9795583035782873	2.1372197274851668	0.5993104215566908	0.40068957844330927	0.5416331704467517	0.29016854343202764	2.8844962305474025	0.4457421091952976	3.618600532285281e-22	1.796774369326729e-21	0.5243264582672299	0.029931432537472553	a_pz7:2.699276709077e-01,a_pz3:2.008620651015e-01,b_s4:1.818679820838e-01,b_s6:6.967365559642e-02,a_s4:4.799387076182e-02,a_s5:3.761738097916e-02,b_s5:3.237087356064e-02,b_pz7:3.217065862515e-02
s0.99_shape_conservative	shape_drop	dropped	shape_filter	3	1.645594272471322	0.9996109273669729	outer_tail	1	a_pz3	pz	1	3	-5.5621931376220255	2.137821122160063	2.137821122159555	1.6180926915276133	0.834864371554966	0.1651356284450338	0.509183189679361	0.2716641105673026	2.9484893553261893	0.3387336952297208	3.105864702443959e-22	2.098431737921316e-21	0.6204178166677902	0.04084848810248868	a_pz3:2.809068865382e-01,a_pz7:2.495087975160e-01,a_s3:8.552299734324e-02,a_s4:4.846606538003e-02,a_s6:4.371738495506e-02,b_s9:4.255972838952e-02,a_s5:3.617827680391e-02,b_pz3:3.286848789521e-02
s0.99_shape_conservative	shape_drop	dropped	shape_filter	4	1.0845894441201858	0.9992540414705355	outer_tail	1	a_pz7	pz	1	7	-4.378514205874839	2.6838979880168465	2.6838979880176517	1.9113509536121278	0.8417669661699716	0.15823303383002876	0.5516060526296014	0.288437703015596	2.8308130906508056	0.1627709093731399	1.063581970539903e-21	3.1865973763770215e-21	0.8115225593668778	0.025706531259982464	a_pz7:4.561855269687e-01,a_pz3:2.826996471647e-01,b_s4:7.309884359246e-02,b_pz7:3.767118962135e-02,a_s4:2.578093818237e-02,a_s5:2.387042346855e-02,a_pz8:2.195420693595e-02,b_s3:1.533048548157e-02
s0.99_shape_conservative	shape_drop	dropped	shape_filter	5	0.23076718209275543	0.998734626404325	bond_axis_midbond	1	a_s4	s	0	4	-2.8124260571891417	6.618000231339798	6.618000231334204	4.448927157827604	0.6011715152776048	0.3988284847223953	0.6105496799125066	0.3988721282030394	3.9937544694968876	0.7593988309853331	1.5423051427446201e-21	2.586152331544186e-22	0.20839274496976848	0.03220842404489851	a_s4:1.434597688973e-01,a_s9:1.391961164822e-01,b_s4:1.269916336084e-01,a_s6:8.774926420460e-02,b_s9:6.399874499538e-02,b_s5:5.651582198635e-02,b_s6:5.281167572017e-02,a_s3:5.183587185573e-02
s0.99_shape_conservative	shape_drop	dropped	shape_filter	6	1.4161293053343875	0.9991724809217525	bond_axis_midbond	1	a_pz3	pz	1	3	-1.1622813895747264	2.203507277209297	2.203507277209783	1.440804184004123	0.6232331516607755	0.3767668483392247	0.4367433644571759	0.19825857727296284	2.3097663514958438	0.3085958430463556	3.836277204609181e-21	1.69925300400716e-21	0.5011466406960442	0.19025751625760043	a_pz3:3.175571338548e-01,b_pz3:8.986721861367e-02,b_s4:7.430227186306e-02,b_s3:6.543208315722e-02,a_pz7:6.121768153549e-02,b_s5:4.552225644517e-02,a_dzz2:3.521884647962e-02,a_dzz1:3.298760107920e-02
s0.99_shape_conservative	shape_drop	dropped	shape_filter	7	1.3326370126416363	0.9989199852371174	bond_axis_midbond	1	a_s4	s	0	4	-0.9572647147559911	2.0918181539615213	2.091818153962109	1.7507356872619508	0.6780902768932796	0.32190972310672034	0.4723838462989071	0.2477109587897593	2.5642700390789224	0.7065829144365136	3.3446873755720867e-21	1.1874380373683862e-21	0.27407019848830283	0.019346887075183557	a_s4:2.895856711623e-01,b_s4:1.143997919390e-01,a_s3:1.109660522658e-01,a_s6:1.044074667367e-01,b_pz7:9.333265113328e-02,a_pz7:9.209811612956e-02,b_s5:4.764670408046e-02,b_pz3:4.558943404066e-02
s0.99_shape_conservative	shape_drop	dropped	shape_filter	8	1.3831326559640762	0.9992323861633925	bond_axis_midbond	1	a_s4	s	0	4	-0.6203407606266641	1.759072254162911	1.7590722541608748	1.3837044057021028	0.5185272862010115	0.48147271379898837	0.5367859986835868	0.290601423835913	2.7691742628904046	0.5710928520361512	6.204588054116344e-21	3.3002529306879014e-21	0.3990766646480757	0.029830483315773294	a_s4:2.721083752851e-01,b_s4:2.053024575041e-01,b_pz7:1.522802743415e-01,a_pz7:1.386932157513e-01,b_pz3:5.396169396419e-02,a_pz3:4.129150145862e-02,b_s5:3.206448009845e-02,a_s6:2.689247531344e-02
s0.99_shape_conservative	shape_drop	dropped	shape_filter	9	0.8925869112820237	0.9963602031051918	bond_axis_midbond	1	a_s4	s	0	4	-0.365402425017502	3.4815589622137737	3.481558962209705	3.6253466815586655	0.5174799085621291	0.48252009143787145	0.5271691241485831	0.28418986200254176	2.732401013760856	0.7140535715904222	5.423771684384447e-21	1.0464294245615685e-21	0.2673261951930665	0.01862023321651147	a_s4:3.032701879389e-01,b_s4:1.994736828433e-01,b_pz7:1.104485502142e-01,b_s5:8.431094273432e-02,a_pz7:6.999030890464e-02,b_pz3:5.589726346079e-02,a_s5:4.285740419946e-02,a_s6:3.982734866163e-02
s0.99_shape_conservative	shape_drop	dropped	shape_filter	10	0.8925869984513715	0.9963602033585894	bond_axis_midbond	2	b_s4	s	0	4	0.3654023746782264	3.48155894915275	3.4815589491613967	3.6253466251491853	0.48252011542638196	0.517479884573618	0.5271691261783242	0.2841898631243143	2.7324010186555188	0.7140535652006664	3.8016444839766235e-21	1.2129372692171376e-21	0.2673262025786342	0.01862023222069941	b_s4:3.032701765764e-01,a_s4:1.994736929229e-01,a_pz7:1.104485605879e-01,a_s5:8.431094058533e-02,b_pz7:6.999030275502e-02,a_pz3:5.589727049188e-02,b_s5:4.285740642942e-02,b_s6:3.982734648297e-02
s0.99_shape_conservative	shape_drop	dropped	shape_filter	11	1.3831326499113987	0.9992323863146928	bond_axis_midbond	2	b_s4	s	0	4	0.6203407472600834	1.7590720383889151	1.7590720383904805	1.3837041512572223	0.48147274919678335	0.5185272508032164	0.5367859970692782	0.2906014225597067	2.7691742626110374	0.5710927812786389	3.823066383530322e-21	2.1486050911079008e-21	0.3990767196818891	0.02983049903947206	b_s4:2.721083751605e-01,a_s4:2.053024348511e-01,a_pz7:1.522803133632e-01,b_pz7:1.386932201336e-01,a_pz3:5.396170309650e-02,b_pz3:4.129149025256e-02,a_s5:3.206448049981e-02,b_s6:2.689246074730e-02
s0.99_shape_conservative	shape_drop	dropped	shape_filter	12	1.332636973168825	0.9989199852010665	bond_axis_midbond	2	b_s4	s	0	4	0.9572647172977105	2.091818126493725	2.0918181264980085	1.7507357200689921	0.3219097278222052	0.6780902721777947	0.4723838467122681	0.24771095855255088	2.564270037570085	0.7065829136892684	2.6210031571336752e-21	1.7369656386086155e-21	0.2740701990533524	0.019346887257379188	b_s4:2.895856707485e-01,a_s4:1.143997867922e-01,b_s3:1.109660496747e-01,b_s6:1.044074668175e-01,a_pz7:9.333265260507e-02,b_pz7:9.209811301659e-02,a_s5:4.764670743567e-02,a_pz3:4.558943662095e-02
s0.99_shape_conservative	shape_drop	dropped	shape_filter	13	1.4161292942424661	0.9991724810055524	bond_axis_midbond	2	b_pz3	pz	1	3	1.1622813822265643	2.2035072777937543	2.203507277794346	1.4408041914434813	0.3767667093774475	0.6232332906225524	0.43674339898290054	0.19825859493465944	2.3097664728266087	0.30859572803162744	1.7649330618419104e-21	1.1503514505014133e-21	0.5011468008441763	0.19025747112419628	b_pz3:3.175572370961e-01,a_pz3:8.986721185903e-02,a_s4:7.430218767882e-02,a_s3:6.543204743258e-02,b_pz7:6.121773889589e-02,a_s5:4.552218566691e-02,b_dzz2:3.521882406395e-02,b_dzz1:3.298758496193e-02
s0.99_shape_conservative	shape_drop	dropped	shape_filter	14	0.23076717908334532	0.9987346263678382	bond_axis_midbond	2	b_s4	s	0	4	2.812426059040374	6.618000235263462	6.618000235238661	4.448927166486831	0.39882847979773794	0.6011715202022619	0.6105496713408888	0.3988721192546852	3.9937544080520126	0.7593988299602186	1.982881931189542e-21	3.1375519915092534e-22	0.2083927463195121	0.03220842372026933	b_s4:1.434597691696e-01,b_s9:1.391961087735e-01,a_s4:1.269916322292e-01,b_s6:8.774926982858e-02,a_s9:6.399874277428e-02,a_s5:5.651581861109e-02,a_s6:5.281167753531e-02,b_s3:5.183587467311e-02
s0.99_shape_conservative	shape_drop	dropped	shape_filter	15	1.0845894341396742	0.9992540414204789	outer_tail	2	b_pz7	pz	1	7	4.378514215712278	2.6838979793064595	2.6838979793029103	1.9113509575602978	0.15823302502779032	0.8417669749722098	0.551606052161354	0.28843770220936826	2.830813080420626	0.16277090320716822	3.0901740243945414e-21	8.432170624808522e-22	0.8115225628667955	0.02570653392603643	b_pz7:4.561855315600e-01,b_pz3:2.826996468795e-01,a_s4:7.309883920227e-02,a_pz7:3.767118954870e-02,b_s4:2.578093968931e-02,b_s5:2.387042154994e-02,b_pz8:2.195420688574e-02,a_s3:1.533048194931e-02
s0.99_shape_conservative	shape_drop	dropped	shape_filter	16	1.6455942836941577	0.9996109273727184	outer_tail	2	b_pz3	pz	1	3	5.5621931358390695	2.137821128176654	2.1378211281767516	1.6180926906165405	0.1651356160716956	0.8348643839283042	0.5091831808513831	0.27166410424898024	2.94848930877242	0.33873371273614755	4.898013787333106e-21	5.3536220806451e-22	0.6204177949101318	0.04084849235372037	b_pz3:2.809068754008e-01,b_pz7:2.495087936687e-01,b_s3:8.552300671938e-02,b_s4:4.846606674608e-02,b_s6:4.371739175151e-02,a_s9:4.255972480480e-02,b_s5:3.617828186701e-02,a_pz3:3.286848435589e-02
s0.99_shape_conservative	shape_drop	dropped	shape_filter	17	0.8076171939983544	0.99972299281837	bond_axis_midbond	2	b_pz7	pz	1	7	7.902770839644882	2.979558304416601	2.9795583044167135	2.1372197265065487	0.4006895739907917	0.5993104260092084	0.5416331712409044	0.29016854379438045	2.884496227816349	0.445742103816264	3.5123036624668736e-21	1.1387731202577577e-21	0.5243264624991818	0.02993143368455421	b_pz7:2.699276748335e-01,b_pz3:2.008620662491e-01,a_s4:1.818679832039e-01,a_s6:6.967365235290e-02,b_s4:4.799387087142e-02,b_s5:3.761738207483e-02,a_s5:3.237087445894e-02,a_pz7:3.217065852799e-02
s0.99_shape_conservative	shape_drop	dropped	shape_filter	18	0.3836478171695126	0.9997855402960435	bond_axis_midbond	1	a_s4	s	0	4	9.075367821906704	4.53557579940282	4.535575799403397	3.6810304993463068	0.7178119393551553	0.28218806064484453	0.5397894205266565	0.31824698822500447	3.2165862545829063	0.769839425778001	3.1860361542650507e-22	5.5761390443290665e-22	0.1472701166055453	0.08289045761645356	a_s4:3.296021230524e-01,a_s6:1.583115413145e-01,b_pz8:8.129222624502e-02,a_s3:7.271654235815e-02,b_s5:6.424701572980e-02,b_s4:5.298083974283e-02,a_s5:3.565542592883e-02,a_pz7:3.058223912225e-02
s0.99_shape_conservative_occ_0.01	fake_drop	dropped	fake_below_occ_cut	3	0.008763924997481479	0.9957323929742357	transverse_bond	2	b_px7	px	1	7	6.597759225643364e-11	3.8286195639888727	2.2503733942373256	4.237665688186725	0.4999999991764625	0.5000000008235373	0.5606156834018695	0.29270283120410745	2.8577718044517453	2.6015528365485816e-19	0.9244830940779258	0.012692396183110997	8.547355719919665e-19	0.06282450973896324	b_px7:3.265453334359e-01,a_px7:3.265453323722e-01,b_px3:9.823981759377e-02,a_px3:9.823981702436e-02,b_px8:1.571430107037e-02,a_px8:1.571430101043e-02,a_px4:1.050132901126e-02,b_px4:1.050132898257e-02
s0.99_shape_conservative_occ_0.01	fake_drop	dropped	fake_below_occ_cut	4	0.008763924997539911	0.9957323929741229	transverse_bond	2	b_py7	py	1	7	5.4862199556433355e-11	2.250373394216914	3.828619563953755	4.237665688153892	0.49999999932309147	0.5000000006769083	0.560615683387575	0.2927028311948848	2.857771804408004	1.1079567434968881e-18	0.012692396181677435	0.9244830940416617	8.737949423532076e-20	0.06282450977666086	b_py7:3.265453333434e-01,a_py7:3.265453324692e-01,b_py3:9.823981749934e-02,a_py3:9.823981703137e-02,b_py8:1.571430106388e-02,a_py8:1.571430101462e-02,a_py4:1.050132901978e-02,b_py4:1.050132899619e-02
s0.99_shape_conservative_occ_0.03	fake_drop	dropped	fake_below_occ_cut	3	0.008763924997481479	0.9957323929742357	transverse_bond	2	b_px7	px	1	7	6.597759225643364e-11	3.8286195639888727	2.2503733942373256	4.237665688186725	0.4999999991764625	0.5000000008235373	0.5606156834018695	0.29270283120410745	2.8577718044517453	2.6015528365485816e-19	0.9244830940779258	0.012692396183110997	8.547355719919665e-19	0.06282450973896324	b_px7:3.265453334359e-01,a_px7:3.265453323722e-01,b_px3:9.823981759377e-02,a_px3:9.823981702436e-02,b_px8:1.571430107037e-02,a_px8:1.571430101043e-02,a_px4:1.050132901126e-02,b_px4:1.050132898257e-02
s0.99_shape_conservative_occ_0.03	fake_drop	dropped	fake_below_occ_cut	4	0.008763924997539911	0.9957323929741229	transverse_bond	2	b_py7	py	1	7	5.4862199556433355e-11	2.250373394216914	3.828619563953755	4.237665688153892	0.49999999932309147	0.5000000006769083	0.560615683387575	0.2927028311948848	2.857771804408004	1.1079567434968881e-18	0.012692396181677435	0.9244830940416617	8.737949423532076e-20	0.06282450977666086	b_py7:3.265453333434e-01,a_py7:3.265453324692e-01,b_py3:9.823981749934e-02,a_py3:9.823981703137e-02,b_py8:1.571430106388e-02,a_py8:1.571430101462e-02,a_py4:1.050132901978e-02,b_py4:1.050132899619e-02
s0.99_shape_conservative_occ_0.03	fake_drop	dropped	fake_below_occ_cut	5	0.02140024502190907	0.9966243669673637	bond_axis_midbond	1	a_dyy6	dyy	2	6	-4.67164878021831e-14	4.294360880301977	4.294360880298809	4.353835530572279	0.5000000000000054	0.4999999999999945	0.6113836675238502	0.3764135744616989	3.626862915555551	1.0686272810429842e-18	4.123717294771402e-21	6.254279370289197e-21	8.731305020453739e-20	0.9999999999999999	a_dyy6:1.206401210047e-01,b_dyy6:1.206401209961e-01,b_dxx6:1.206401209894e-01,a_dxx6:1.206401209808e-01,a_dyy5:5.032674533070e-02,b_dyy5:5.032674531970e-02,b_dxx5:5.032674531849e-02,a_dxx5:5.032674530749e-02
s0.98	representability_drop	dropped	s_below_cut	5	0.014946800013859018	0.925153078693937	bond_axis_midbond	2	b_s6	s	0	6	1.6287466568700754e-6	1.5426661598166882	1.5426661598444102	2.367702266780317	0.499999490875924	0.5000005091240763	0.37900797330813113	0.1881365925684951	2.4613244844353397	0.934462108949751	8.245302315230786e-22	2.998648924106368e-22	0.010395420949096361	0.055142470101152655	b_s6:1.738913188471e-01,a_s6:1.738910063921e-01,b_s7:1.183924432092e-01,a_s7:1.183922090904e-01,b_s3:1.005624676821e-01,a_s3:1.005622435817e-01,b_s4:3.912556005668e-02,a_s4:3.912544102076e-02
s0.98	representability_drop	dropped	s_below_cut	6	0.022815601434060088	0.9338154693889682	bond_axis_midbond	1	a_s6	s	0	6	-1.7007783048511243e-6	1.5014135698920532	1.50141356986613	2.262308740604725	0.500000580343321	0.4999994196566792	0.371943223818868	0.18819750005857744	2.4699451648891446	0.9265990764889245	2.2363996946442242e-21	1.9830723322942884e-22	7.662883546346664e-6	0.07339326062752942	a_s6:1.364696863418e-01,b_s6:1.364693216648e-01,a_s3:1.112958424254e-01,b_s3:1.112955876978e-01,a_s7:1.082429558349e-01,b_s7:1.082426796899e-01,a_s4:6.153596400545e-02,b_s4:6.153584779784e-02
s0.98	representability_drop	dropped	s_below_cut	7	0.010276401326699361	0.9654794281328943	transverse_bond	2	b_py7	py	1	7	2.0085240233657752e-8	1.3314685247940656	2.25877082603459	2.4884980861611914	0.49999999430166703	0.5000000056983332	0.558721379057369	0.28182847717926235	2.7709010225986663	8.425630780168434e-19	0.015735412597987077	0.9841614262809547	2.4519346734571894e-20	0.00010316112105827367	b_py7:2.398119574419e-01,a_py7:2.398119520295e-01,b_py3:2.245806109577e-01,a_py3:2.245806058424e-01,b_py8:1.321971359429e-02,a_py8:1.321971326956e-02,b_py6:7.292134132558e-03,a_py6:7.292133952229e-03
s0.98	representability_drop	dropped	s_below_cut	8	0.010276401331954045	0.9654794281417473	transverse_bond	2	b_px7	px	1	7	1.0118321825982086e-8	2.2587708259618564	1.3314685247422238	2.4884980860667056	0.4999999971350409	0.500000002864959	0.558721379057198	0.2818284771791223	2.7709010225982533	5.196968247102183e-18	0.9841614262800175	0.01573541259893703	2.757329279912271e-20	0.00010316112104519928	b_px7:2.398119560796e-01,a_px7:2.398119533899e-01,b_px3:2.245806096713e-01,a_px3:2.245806071288e-01,b_px8:1.321971351259e-02,a_px8:1.321971335142e-02,b_px6:7.292134087467e-03,a_px6:7.292133997706e-03
s0.98_shape_none_occ_0.01	fake_drop	dropped	fake_below_occ_cut	10	0.0035238694179086177	0.9984161367347338	bond_axis_midbond	2	b_s3	s	0	3	-8.806015465775316e-8	3.9970621638268087	3.997062163826456	6.648605774405601	0.49999997472084723	0.5000000252791529	0.3466605671227592	0.17192757201658337	2.386554153887956	0.8279708978646193	7.258278555968586e-22	1.649992724320654e-22	0.0347311428408497	0.1372979592945311	b_s3:1.428099354310e-01,a_s3:1.428099168020e-01,b_s5:1.422346221487e-01,a_s5:1.422346143774e-01,b_s7:4.112807455200e-02,a_s7:4.112806421074e-02,b_s6:2.993989159975e-02,a_s6:2.993988278185e-02
s0.98_shape_none_occ_0.01	fake_drop	dropped	fake_below_occ_cut	11	0.005013519042182014	0.9978091812209856	bond_axis_midbond	2	b_s3	s	0	3	2.8528415661063782e-8	4.915417486077412	4.9154174860774615	4.054726505736058	0.49999996440133254	0.5000000355986675	0.2963907656202792	0.13387792090475756	1.9549531700192049	0.8688147633119054	1.0976420418963369e-21	1.0193203723945108e-22	0.0001612588946092344	0.1310239777934855	b_s3:1.743721536740e-01,a_s3:1.743721302942e-01,b_s6:8.587352852432e-02,a_s6:8.587350858203e-02,b_s4:7.822349997648e-02,a_s4:7.822349244583e-02,b_s5:4.872763879743e-02,a_s5:4.872763874719e-02
s0.98_shape_none_occ_0.01	fake_drop	dropped	fake_below_occ_cut	12	0.005973187279388175	0.9962515962479328	bond_axis_midbond	1	a_s3	s	0	3	8.820154554341583e-10	1.7480336186811403	1.7480336186808731	3.143388149960572	0.5000000478808313	0.49999995211916887	0.327638475752072	0.16775530095813207	2.4089412190775614	0.765801314129705	4.775919502517171e-21	3.126493610834385e-21	0.09255068504806	0.141648000822235	a_s3:1.645928352137e-01,b_s3:1.645928086074e-01,a_s4:1.139543286011e-01,b_s4:1.139542590784e-01,b_s6:5.236757416808e-02,a_s6:5.236755404343e-02,b_s9:3.004218438621e-02,a_s9:3.004217107226e-02
s0.98_shape_none_occ_0.01	fake_drop	dropped	fake_below_occ_cut	13	0.008763924997481529	0.9957323929742369	transverse_bond	2	b_px7	px	1	7	6.595324769434592e-11	3.828374132180061	2.250790901728557	4.237665688186658	0.4999999991764594	0.5000000008235407	0.5606156834018691	0.2927028312041067	2.8577718044517355	2.513956180283999e-19	0.9243044955354378	0.012870994725599664	5.665482966512349e-20	0.0628245097389626	b_px7:3.264822489718e-01,a_px7:3.264822479083e-01,b_px3:9.822083889277e-02,a_px3:9.822083832346e-02,b_px8:1.571126526443e-02,a_px8:1.571126520450e-02,a_px4:1.049930028616e-02,b_px4:1.049930025747e-02
s0.98_shape_none_occ_0.01	fake_drop	dropped	fake_below_occ_cut	14	0.008763924997540602	0.995732392974124	transverse_bond	2	b_py7	py	1	7	5.4843710162203085e-11	2.250790901708226	3.8283741321451235	4.237665688153833	0.49999999932309275	0.5000000006769072	0.5606156833875778	0.292702831194891	2.8577718044080873	1.4761004647327358e-18	0.012870994724296368	0.9243044954990256	3.529986321073189e-20	0.06282450977667788	b_py7:3.264822488792e-01,a_py7:3.264822480052e-01,b_py3:9.822083879831e-02,a_py3:9.822083833044e-02,b_py8:1.571126525795e-02,a_py8:1.571126520870e-02,a_py4:1.049930029468e-02,b_py4:1.049930027110e-02
s0.98_shape_none_occ_0.03	fake_drop	dropped	fake_below_occ_cut	10	0.0035238694179086177	0.9984161367347338	bond_axis_midbond	2	b_s3	s	0	3	-8.806015465775316e-8	3.9970621638268087	3.997062163826456	6.648605774405601	0.49999997472084723	0.5000000252791529	0.3466605671227592	0.17192757201658337	2.386554153887956	0.8279708978646193	7.258278555968586e-22	1.649992724320654e-22	0.0347311428408497	0.1372979592945311	b_s3:1.428099354310e-01,a_s3:1.428099168020e-01,b_s5:1.422346221487e-01,a_s5:1.422346143774e-01,b_s7:4.112807455200e-02,a_s7:4.112806421074e-02,b_s6:2.993989159975e-02,a_s6:2.993988278185e-02
s0.98_shape_none_occ_0.03	fake_drop	dropped	fake_below_occ_cut	11	0.005013519042182014	0.9978091812209856	bond_axis_midbond	2	b_s3	s	0	3	2.8528415661063782e-8	4.915417486077412	4.9154174860774615	4.054726505736058	0.49999996440133254	0.5000000355986675	0.2963907656202792	0.13387792090475756	1.9549531700192049	0.8688147633119054	1.0976420418963369e-21	1.0193203723945108e-22	0.0001612588946092344	0.1310239777934855	b_s3:1.743721536740e-01,a_s3:1.743721302942e-01,b_s6:8.587352852432e-02,a_s6:8.587350858203e-02,b_s4:7.822349997648e-02,a_s4:7.822349244583e-02,b_s5:4.872763879743e-02,a_s5:4.872763874719e-02
s0.98_shape_none_occ_0.03	fake_drop	dropped	fake_below_occ_cut	12	0.005973187279388175	0.9962515962479328	bond_axis_midbond	1	a_s3	s	0	3	8.820154554341583e-10	1.7480336186811403	1.7480336186808731	3.143388149960572	0.5000000478808313	0.49999995211916887	0.327638475752072	0.16775530095813207	2.4089412190775614	0.765801314129705	4.775919502517171e-21	3.126493610834385e-21	0.09255068504806	0.141648000822235	a_s3:1.645928352137e-01,b_s3:1.645928086074e-01,a_s4:1.139543286011e-01,b_s4:1.139542590784e-01,b_s6:5.236757416808e-02,a_s6:5.236755404343e-02,b_s9:3.004218438621e-02,a_s9:3.004217107226e-02
s0.98_shape_none_occ_0.03	fake_drop	dropped	fake_below_occ_cut	13	0.008763924997481529	0.9957323929742369	transverse_bond	2	b_px7	px	1	7	6.595324769434592e-11	3.828374132180061	2.250790901728557	4.237665688186658	0.4999999991764594	0.5000000008235407	0.5606156834018691	0.2927028312041067	2.8577718044517355	2.513956180283999e-19	0.9243044955354378	0.012870994725599664	5.665482966512349e-20	0.0628245097389626	b_px7:3.264822489718e-01,a_px7:3.264822479083e-01,b_px3:9.822083889277e-02,a_px3:9.822083832346e-02,b_px8:1.571126526443e-02,a_px8:1.571126520450e-02,a_px4:1.049930028616e-02,b_px4:1.049930025747e-02
s0.98_shape_none_occ_0.03	fake_drop	dropped	fake_below_occ_cut	14	0.008763924997540602	0.995732392974124	transverse_bond	2	b_py7	py	1	7	5.4843710162203085e-11	2.250790901708226	3.8283741321451235	4.237665688153833	0.49999999932309275	0.5000000006769072	0.5606156833875778	0.292702831194891	2.8577718044080873	1.4761004647327358e-18	0.012870994724296368	0.9243044954990256	3.529986321073189e-20	0.06282450977667788	b_py7:3.264822488792e-01,a_py7:3.264822480052e-01,b_py3:9.822083879831e-02,a_py3:9.822083833044e-02,b_py8:1.571126525795e-02,a_py8:1.571126520870e-02,a_py4:1.049930029468e-02,b_py4:1.049930027110e-02
s0.98_shape_none_occ_0.03	fake_drop	dropped	fake_below_occ_cut	15	0.015732536842715146	0.9988682003663764	bond_axis_midbond	1	a_s3	s	0	3	-8.37529635038717e-10	2.7773181734370125	2.7773181734370356	4.034472813656927	0.5000000691867027	0.4999999308132977	0.2708697984265616	0.11583256034893126	1.9455026570752574	0.7641290389028849	2.1113408818520993e-22	2.5990908690759412e-21	0.06130792208966147	0.17456303900745382	a_s3:1.867130566288e-01,b_s3:1.867130080672e-01,a_s6:1.132600033496e-01,b_s6:1.132599604481e-01,a_s4:4.064699367631e-02,b_s4:4.064698005141e-02,a_dxx1:2.463094354007e-02,a_dyy1:2.463094354007e-02
s0.98_shape_none_occ_0.03	fake_drop	dropped	fake_below_occ_cut	16	0.018177640043723423	0.9988210601549026	bond_axis_midbond	2	b_s3	s	0	3	3.764064543195159e-9	3.0340521159493696	3.0340521159421647	4.330859803667207	0.4999999835246831	0.5000000164753168	0.3621129202979724	0.19418795178875217	2.6076982665975748	0.9043060166556603	5.563086277917936e-22	1.0456041285040887e-21	0.007762949363707383	0.08793103398063218	b_s3:1.492382971442e-01,a_s3:1.492382898835e-01,b_s4:1.182714581637e-01,a_s4:1.182714480942e-01,b_s6:1.093137684178e-01,a_s6:1.093137622890e-01,b_s9:3.809748013032e-02,a_s9:3.809747787643e-02
s0.98_shape_none_occ_0.03	fake_drop	dropped	fake_below_occ_cut	17	0.02140024502190916	0.9966243669673654	bond_axis_midbond	1	a_dyy6	dyy	2	6	6.532141067874266e-15	4.294360880297389	4.294360880303405	4.3538355305722805	0.49999999999999944	0.5000000000000008	0.6113836675238504	0.37641357446169904	3.626862915555552	1.4888509725487087e-18	4.1252716221481754e-21	6.2574035132247404e-21	5.296239424400806e-21	1.0000000000000002	a_dyy6:1.206401210034e-01,b_dyy6:1.206401209997e-01,b_dxx6:1.206401209858e-01,a_dxx6:1.206401209821e-01,a_dyy5:5.032674533173e-02,b_dyy5:5.032674532191e-02,b_dxx5:5.032674531628e-02,a_dxx5:5.032674530646e-02
s0.98_shape_conservative	shape_drop	dropped	shape_filter	1	0.798326608955027	0.9995449421025445	bond_axis_midbond	1	a_pz7	pz	1	7	-8.000038239784285	3.073420537149882	3.0734205371497874	2.227045594681889	0.5497165201984738	0.4502834798015261	0.5200008206249035	0.2822734014116196	2.8585906494068447	0.5333554748258416	1.2769951017730872e-22	1.1721775494883107e-21	0.43337746128185295	0.03326706389230523	a_pz7:2.455114692227e-01,b_s4:2.449030853188e-01,a_pz3:1.546627954230e-01,b_s6:6.850008392561e-02,a_s4:5.876486199671e-02,b_s3:5.557716283917e-02,b_pz7:2.432843284208e-02,a_s6:2.256159795459e-02
s0.98_shape_conservative	shape_drop	dropped	shape_filter	2	1.3155886104579084	0.998420203890417	outer_tail	1	a_s4	s	0	4	-5.747012331765525	3.6248442605286604	3.624844260530397	2.3488963308848625	0.8928622069058099	0.10713779309418991	0.5431879220073552	0.3199008373361422	3.2500848904627357	0.735474462994445	1.042135319968725e-21	2.5221496400574735e-22	0.169926102248977	0.0945994347565781	a_s4:4.883633643642e-01,a_pz3:6.497896384657e-02,a_s6:6.105098469370e-02,a_pz7:5.165530838491e-02,b_s9:4.308726385786e-02,a_s3:3.909005163964e-02,a_pz8:3.425242329619e-02,a_s9:3.168605385266e-02
s0.98_shape_conservative	shape_drop	dropped	shape_filter	3	1.3273131849342343	0.9977919960116441	bond_axis_midbond	1	a_s4	s	0	4	-4.32863760934912	4.264407508077825	4.264407508071099	2.4111262788456824	0.6954854885503976	0.3045145114496023	0.5074317679162641	0.27134770845361394	2.680779816569154	0.6485896539466226	1.5221161916401957e-21	6.300522089362454e-22	0.3400846945111649	0.01132565154221256	a_s4:3.089669588983e-01,a_pz7:1.843061533376e-01,b_s4:1.459816301663e-01,a_pz3:9.616632538273e-02,b_pz7:4.453471959922e-02,b_s6:4.388588632669e-02,a_s6:4.141224427182e-02,a_s3:3.425050969225e-02
s0.98_shape_conservative	shape_drop	dropped	shape_filter	4	0.4352278810390028	0.998956998381024	bond_axis_midbond	2	b_s4	s	0	4	-2.8054037790908546	6.516440049934011	6.516440049929045	4.470362654243753	0.4977717177857242	0.5022282822142757	0.5899528349261675	0.3884018910958301	3.9297443014693827	0.7906237605777948	3.6247732542845588e-22	1.7954151956133082e-22	0.16381367064840882	0.045562568773796525	b_s4:2.209612508106e-01,a_s9:1.342816510019e-01,a_s4:9.902578736859e-02,b_s6:7.539308101504e-02,a_s6:6.598290333644e-02,a_s3:5.377840817778e-02,a_pz8:5.085048930954e-02,b_s3:4.967705724831e-02
s0.98_shape_conservative	shape_drop	dropped	shape_filter	5	1.026732826766368	0.9990275778612809	bond_axis_midbond	1	a_s5	s	0	5	-2.2243581129746284	1.6442723053763177	1.6442723053753505	1.1547491698134067	0.6925719943389875	0.30742800566101247	0.44315419919307836	0.2198918012980548	2.4443394920801054	0.5593791480447815	3.045083572796754e-21	3.2315312188006237e-21	0.37529786333156734	0.06532298862365113	a_s5:1.539386743537e-01,a_pz7:1.414733507823e-01,a_s3:1.146092702715e-01,b_pz7:8.900479532423e-02,a_pz3:8.796715618642e-02,b_s4:8.476003681345e-02,b_pz3:5.014264714523e-02,b_s6:4.237083206431e-02
s0.98_shape_conservative	shape_drop	dropped	shape_filter	6	1.7902786928283572	0.998150016422916	bond_axis_midbond	1	a_s4	s	0	4	-1.1882946122728437	2.501936480811092	2.5019364808089106	1.5903882734200294	0.6241262273760373	0.3758737726239626	0.4683828787979198	0.24968770224573641	2.5809120946464374	0.7365683388801059	3.8680873007124805e-22	2.120322837004429e-22	0.24226295548147908	0.02116870563841505	a_s4:3.034133008175e-01,b_s4:2.503025842720e-01,a_pz3:1.371340086760e-01,a_s3:6.300566442479e-02,b_s3:5.653611299179e-02,a_s6:3.399771616161e-02,a_pz7:2.426766786613e-02,b_pz7:2.334325558304e-02
s0.98_shape_conservative	shape_drop	dropped	shape_filter	7	1.0877325118690222	0.9983890097447748	bond_axis_midbond	2	b_s4	s	0	4	-0.757501903664264	1.3940729268616279	1.3940729268618726	1.193535382886783	0.5975931603196772	0.40240683968032254	0.49247450278287336	0.2537839473372705	2.589294302987063	0.5111007575258344	5.472211155988935e-22	2.874162973602113e-21	0.43934340401010635	0.04955583846405933	b_s4:2.582725927973e-01,a_pz3:2.202206627524e-01,a_s4:1.576863765490e-01,a_pz7:8.706751786034e-02,b_pz3:4.513682901967e-02,b_s3:4.144175820236e-02,a_pz4:2.860512976928e-02,a_pz6:2.509674038010e-02
s0.98_shape_conservative	shape_drop	dropped	shape_filter	8	1.0877325146714578	0.9983890097174424	bond_axis_midbond	1	a_s4	s	0	4	0.7575019031851653	1.3940729318193485	1.3940729318190017	1.193535382649372	0.4024068515298209	0.5975931484701792	0.4924744926979918	0.2537839400282788	2.589294267329704	0.5111007538662886	1.489496302224599e-21	1.8177717794501173e-21	0.439343399214095	0.04955584691961634	a_s4:2.582726020862e-01,b_pz3:2.202206610179e-01,b_s4:1.576863372865e-01,b_pz7:8.706751802862e-02,a_pz3:4.513682736003e-02,a_s3:4.144175887922e-02,b_pz4:2.860512899950e-02,b_pz6:2.509674011482e-02
s0.98_shape_conservative	shape_drop	dropped	shape_filter	9	1.790278585370245	0.9981500163306645	bond_axis_midbond	2	b_s4	s	0	4	1.1882946085965844	2.5019363384398106	2.50193633843575	1.5903882327016137	0.3758737106699481	0.6241262893300514	0.46838287679241813	0.24968769999271206	2.5809120877757823	0.7365683287876048	1.6255638639538357e-23	1.716580728023344e-22	0.24226296728255317	0.021168703929841968	b_s4:3.034133214251e-01,a_s4:2.503025354516e-01,b_pz3:1.371340142405e-01,b_s3:6.300567967930e-02,a_s3:5.653610218181e-02,b_s6:3.399772286640e-02,b_pz7:2.426767624290e-02,a_pz7:2.334325358999e-02
s0.98_shape_conservative	shape_drop	dropped	shape_filter	10	1.026732820308999	0.9990275777691708	bond_axis_midbond	2	b_s5	s	0	5	2.2243581191380914	1.6442723464918605	1.6442723464885274	1.1547491912938193	0.3074279852715067	0.6925720147284935	0.4431541946390818	0.2198917981479559	2.4443394776239002	0.5593791469994916	7.094636673044677e-21	3.3478182485639917e-21	0.37529786219340205	0.06532299080710646	b_s5:1.539386567184e-01,b_pz7:1.414733516805e-01,b_s3:1.146092789514e-01,a_pz7:8.900479337149e-02,b_pz3:8.796715706876e-02,a_s4:8.476002579757e-02,a_pz3:5.014264586396e-02,a_s6:4.237082825245e-02
s0.98_shape_conservative	shape_drop	dropped	shape_filter	11	0.4352278829123726	0.9989569983823382	bond_axis_midbond	1	a_s4	s	0	4	2.805403778634316	6.516440046752903	6.516440046749329	4.470362652283038	0.5022282715052228	0.49777172849477724	0.5899528330475916	0.3884018891990036	3.9297442883134046	0.7906237611327123	7.926630917637209e-22	4.2515848534152157e-23	0.163813670107044	0.045562568760243824	a_s4:2.209612463865e-01,b_s9:1.342816477002e-01,b_s4:9.902579114324e-02,a_s6:7.539307740287e-02,b_s6:6.598290808244e-02,b_s3:5.377841199120e-02,b_pz8:5.085048914899e-02,a_s3:4.967705433788e-02
s0.98_shape_conservative	shape_drop	dropped	shape_filter	12	1.327313186348606	0.9977919959957113	bond_axis_midbond	2	b_s4	s	0	4	4.328637609242205	4.264407521225972	4.264407521216535	2.4111262805015587	0.30451450398884755	0.6954854960111523	0.5074317734358298	0.27134771237357125	2.6807798388748854	0.648589644018174	3.6401468889669315e-21	9.692047122937311e-22	0.3400847036576024	0.011325652324223634	b_s4:3.089669670841e-01,b_pz7:1.843061582472e-01,a_s4:1.459816273458e-01,b_pz3:9.616632753350e-02,a_pz7:4.453472119344e-02,a_s6:4.388588169395e-02,b_s6:4.141223846699e-02,b_s3:3.425050610588e-02
s0.98_shape_conservative	shape_drop	dropped	shape_filter	13	1.3155886114336097	0.9984202038915863	outer_tail	2	b_s4	s	0	4	5.747012330650237	3.624844263828518	3.624844263829764	2.348896332089786	0.10713779524608469	0.8928622047539152	0.5431879265993457	0.31990084144066666	3.2500849216615224	0.7354744573528491	1.3371575347801837e-21	8.408548751212416e-22	0.1699261052485707	0.0945994373985801	b_s4:4.883633660788e-01,b_pz3:6.497896491672e-02,b_s6:6.105097660460e-02,b_pz7:5.165530930048e-02,a_s9:4.308726476302e-02,b_s3:3.909004734663e-02,b_pz8:3.425242389803e-02,b_s9:3.168605723158e-02
s0.98_shape_conservative	shape_drop	dropped	shape_filter	14	0.7983266092994123	0.9995449421018548	bond_axis_midbond	2	b_pz7	pz	1	7	8.00003823911283	3.0734205390663525	3.0734205390664533	2.227045595530257	0.4502834696818666	0.5497165303181333	0.5200008229156136	0.28227340283017605	2.858590655322064	0.533355467692876	2.108675003833857e-21	5.654704649182064e-22	0.43337746808968103	0.03326706421744288	b_pz7:2.455114733063e-01,a_s4:2.449030840093e-01,b_pz3:1.546627978166e-01,a_s6:6.850007948081e-02,b_s4:5.876486317564e-02,a_s3:5.557715929481e-02,a_pz7:2.432843311692e-02,b_s6:2.256159834007e-02
s0.98_shape_conservative_occ_0.01	fake_drop	dropped	fake_below_occ_cut	3	0.008763924997481442	0.9957323929742369	transverse_bond	2	b_px7	px	1	7	6.593020577513055e-11	3.8273770207550606	2.2524860310878254	4.237665688186695	0.4999999991764684	0.5000000008235316	0.5606156834018698	0.29270283120410834	2.8577718044517586	5.294432224879607e-18	0.92357902417284	0.01359646608819317	6.055124271451338e-18	0.06282450973896671	b_px7:3.262259984362e-01,a_px7:3.262259973735e-01,b_px3:9.814374697539e-02,a_px3:9.814374640649e-02,b_px8:1.569893375130e-02,a_px8:1.569893369142e-02,a_px4:1.049105955843e-02,b_px4:1.049105952976e-02
s0.98_shape_conservative_occ_0.01	fake_drop	dropped	fake_below_occ_cut	4	0.008763924997540067	0.9957323929741232	transverse_bond	2	b_py7	py	1	7	5.4936611382343024e-11	2.252486031067541	3.827377020719938	4.237665688153807	0.4999999993230882	0.5000000006769116	0.5606156833875768	0.29270283119488805	2.8577718044080465	1.1578242066842793e-17	0.013596466087305994	0.9235790241360251	6.072781470717913e-18	0.06282450977666867	b_py7:3.262259983435e-01,a_py7:3.262259974703e-01,b_py3:9.814374688090e-02,a_py3:9.814374641344e-02,b_py8:1.569893374481e-02,a_py8:1.569893369561e-02,a_py4:1.049105956694e-02,b_py4:1.049105954338e-02
s0.98_shape_conservative_occ_0.03	fake_drop	dropped	fake_below_occ_cut	3	0.008763924997481442	0.9957323929742369	transverse_bond	2	b_px7	px	1	7	6.593020577513055e-11	3.8273770207550606	2.2524860310878254	4.237665688186695	0.4999999991764684	0.5000000008235316	0.5606156834018698	0.29270283120410834	2.8577718044517586	5.294432224879607e-18	0.92357902417284	0.01359646608819317	6.055124271451338e-18	0.06282450973896671	b_px7:3.262259984362e-01,a_px7:3.262259973735e-01,b_px3:9.814374697539e-02,a_px3:9.814374640649e-02,b_px8:1.569893375130e-02,a_px8:1.569893369142e-02,a_px4:1.049105955843e-02,b_px4:1.049105952976e-02
s0.98_shape_conservative_occ_0.03	fake_drop	dropped	fake_below_occ_cut	4	0.008763924997540067	0.9957323929741232	transverse_bond	2	b_py7	py	1	7	5.4936611382343024e-11	2.252486031067541	3.827377020719938	4.237665688153807	0.4999999993230882	0.5000000006769116	0.5606156833875768	0.29270283119488805	2.8577718044080465	1.1578242066842793e-17	0.013596466087305994	0.9235790241360251	6.072781470717913e-18	0.06282450977666867	b_py7:3.262259983435e-01,a_py7:3.262259974703e-01,b_py3:9.814374688090e-02,a_py3:9.814374641344e-02,b_py8:1.569893374481e-02,a_py8:1.569893369561e-02,a_py4:1.049105956694e-02,b_py4:1.049105954338e-02
s0.98_shape_conservative_occ_0.03	fake_drop	dropped	fake_below_occ_cut	5	0.015154700789193619	0.9954257475224145	bond_axis_midbond	1	a_s4	s	0	4	1.5780547223904592e-8	2.7427292881832686	2.7427292881942638	3.2436262810554606	0.49999999092410524	0.5000000090758947	0.5006913846729966	0.2710843071606185	2.706247647805378	0.719163080465659	5.5242286094615945e-21	2.00178387808094e-21	0.2759157525291141	0.004921167005227014	a_s4:2.435872962142e-01,b_s4:2.435872905958e-01,b_pz7:9.282997778159e-02,a_pz7:9.282996415462e-02,b_pz3:4.089481724689e-02,a_pz3:4.089480819056e-02,a_s3:4.083141105543e-02,b_s3:4.083140484771e-02
s0.98_shape_conservative_occ_0.03	fake_drop	dropped	fake_below_occ_cut	6	0.02140024502190916	0.9966243669673653	bond_axis_midbond	1	a_dyy6	dyy	2	6	9.882204188012478e-15	4.294360880299513	4.294360880301271	4.353835530572278	0.49999999999999895	0.500000000000001	0.6113836675238499	0.37641357446169865	3.62686291555555	1.6186856275718518e-18	4.1225217629600626e-21	6.257464720351228e-21	3.206374679355361e-20	1.0	a_dyy6:1.206401210012e-01,b_dyy6:1.206401209971e-01,b_dxx6:1.206401209884e-01,a_dxx6:1.206401209843e-01,a_dyy5:5.032674533476e-02,b_dyy5:5.032674532394e-02,b_dxx5:5.032674531425e-02,a_dxx5:5.032674530343e-02
s0.98_shape_conservative_occ_0.03	fake_drop	dropped	fake_below_occ_cut	7	0.023972012376226953	0.9978216168695785	bond_axis_midbond	2	b_pz7	pz	1	7	1.3851393216934937e-6	3.3673159799114094	3.3673159799133416	5.241498850706833	0.4999999305899029	0.500000069410097	0.5391250311128263	0.3068276835015057	3.254450951351888	0.266845955848497	4.146925647653261e-22	3.8423838161786834e-21	0.6313653503039578	0.10178869384754513	b_pz7:2.111014355609e-01,a_pz7:2.111013874046e-01,b_pz3:7.156281791069e-02,a_pz3:7.156279311165e-02,b_s3:4.644311739712e-02,a_s3:4.644310143044e-02,b_s9:4.041921725907e-02,a_s9:4.041921515397e-02
s0.98_shape_conservative_occ_0.03	fake_drop	dropped	fake_below_occ_cut	8	0.02769647847873682	0.9958373682098769	bond_axis_midbond	1	a_s4	s	0	4	-1.3382868706776348e-6	4.959304191129668	4.959304191127712	4.9838644451849925	0.5000001533183381	0.49999984668166164	0.5211761874233422	0.2714982895002981	2.7143214192306964	0.3548865176230987	4.010431106485372e-21	1.993793390832166e-21	0.4950152449385528	0.1500982374383485	a_s4:1.663023062247e-01,b_s4:1.663022674325e-01,a_pz7:1.227093986733e-01,b_pz7:1.227092747679e-01,a_pz3:1.086303062566e-01,b_pz3:1.086302309633e-01,a_dzz2:2.176584946166e-02,b_dzz2:2.176583201807e-02
s0.97	representability_drop	dropped	s_below_cut	5	0.014946800013859018	0.925153078693937	bond_axis_midbond	2	b_s6	s	0	6	1.6287466568700754e-6	1.5426661598166882	1.5426661598444102	2.367702266780317	0.499999490875924	0.5000005091240763	0.37900797330813113	0.1881365925684951	2.4613244844353397	0.934462108949751	8.245302315230786e-22	2.998648924106368e-22	0.010395420949096361	0.055142470101152655	b_s6:1.738913188471e-01,a_s6:1.738910063921e-01,b_s7:1.183924432092e-01,a_s7:1.183922090904e-01,b_s3:1.005624676821e-01,a_s3:1.005622435817e-01,b_s4:3.912556005668e-02,a_s4:3.912544102076e-02
s0.97	representability_drop	dropped	s_below_cut	6	0.022815601434060088	0.9338154693889682	bond_axis_midbond	1	a_s6	s	0	6	-1.7007783048511243e-6	1.5014135698920532	1.50141356986613	2.262308740604725	0.500000580343321	0.4999994196566792	0.371943223818868	0.18819750005857744	2.4699451648891446	0.9265990764889245	2.2363996946442242e-21	1.9830723322942884e-22	7.662883546346664e-6	0.07339326062752942	a_s6:1.364696863418e-01,b_s6:1.364693216648e-01,a_s3:1.112958424254e-01,b_s3:1.112955876978e-01,a_s7:1.082429558349e-01,b_s7:1.082426796899e-01,a_s4:6.153596400545e-02,b_s4:6.153584779784e-02
s0.97	representability_drop	dropped	s_below_cut	7	0.010276401326699361	0.9654794281328943	transverse_bond	2	b_py7	py	1	7	2.0085240233657752e-8	1.3314685247940656	2.25877082603459	2.4884980861611914	0.49999999430166703	0.5000000056983332	0.558721379057369	0.28182847717926235	2.7709010225986663	8.425630780168434e-19	0.015735412597987077	0.9841614262809547	2.4519346734571894e-20	0.00010316112105827367	b_py7:2.398119574419e-01,a_py7:2.398119520295e-01,b_py3:2.245806109577e-01,a_py3:2.245806058424e-01,b_py8:1.321971359429e-02,a_py8:1.321971326956e-02,b_py6:7.292134132558e-03,a_py6:7.292133952229e-03
s0.97	representability_drop	dropped	s_below_cut	8	0.010276401331954045	0.9654794281417473	transverse_bond	2	b_px7	px	1	7	1.0118321825982086e-8	2.2587708259618564	1.3314685247422238	2.4884980860667056	0.4999999971350409	0.500000002864959	0.558721379057198	0.2818284771791223	2.7709010225982533	5.196968247102183e-18	0.9841614262800175	0.01573541259893703	2.757329279912271e-20	0.00010316112104519928	b_px7:2.398119560796e-01,a_px7:2.398119533899e-01,b_px3:2.245806096713e-01,a_px3:2.245806071288e-01,b_px8:1.321971351259e-02,a_px8:1.321971335142e-02,b_px6:7.292134087467e-03,a_px6:7.292133997706e-03
s0.97_shape_none_occ_0.01	fake_drop	dropped	fake_below_occ_cut	12	0.003717909077825218	0.9970260738649649	bond_axis_midbond	1	a_s4	s	0	4	-6.065721212240841e-8	4.005907530787872	4.005907530786478	6.302333725388489	0.5000000526453618	0.499999947354638	0.46073294873306114	0.25195741437539493	2.8174900996367622	0.8991222688418155	3.1246947176775944e-20	2.1122414126509376e-20	0.007702571066473918	0.09317516009171065	a_s4:2.108550831564e-01,b_s4:2.108550582651e-01,a_s6:1.127101660485e-01,b_s6:1.127101358724e-01,a_s3:5.839244654119e-02,b_s3:5.839242472642e-02,a_s9:3.127116837932e-02,b_s9:3.127116411229e-02
s0.97_shape_none_occ_0.01	fake_drop	dropped	fake_below_occ_cut	13	0.0051550751163081	0.9970833800644309	bond_axis_midbond	2	b_s3	s	0	3	1.3232868696517639e-8	4.791280325968216	4.791280325968173	3.91583372219925	0.49999995813014353	0.5000000418698566	0.30219358788207273	0.1396376217821027	2.0702556056018953	0.7949621640288512	1.2589788370519963e-18	5.496831360016334e-20	0.0037719364804869	0.20126589949066181	b_s3:1.586753254006e-01,a_s3:1.586752555479e-01,a_s8:9.435656442643e-02,b_s8:9.435654485948e-02,b_s5:5.197934094745e-02,a_s5:5.197933996058e-02,b_s2:3.423823974433e-02,a_s2:3.423823308995e-02
s0.97_shape_none_occ_0.01	fake_drop	dropped	fake_below_occ_cut	14	0.00598037070326891	0.9962204821124789	bond_axis_midbond	2	b_s3	s	0	3	2.6417119421797267e-9	1.7444020727612146	1.7444020727614613	3.095461030811645	0.4999999514113974	0.5000000485886028	0.3276260087049092	0.16240660409285132	2.291922934693353	0.8223870116023274	2.0358213451361985e-22	1.900578884877624e-21	0.04078810607947985	0.13682488231819254	b_s3:1.595625171230e-01,a_s3:1.595624827924e-01,a_s4:1.132582095466e-01,b_s4:1.132581973298e-01,b_s6:7.416665673813e-02,a_s6:7.416660528881e-02,b_dzz1:2.236129313924e-02,a_dzz1:2.236129185323e-02
s0.97_shape_none_occ_0.01	fake_drop	dropped	fake_below_occ_cut	15	0.00876392499748104	0.9957323929742379	transverse_bond	2	b_px7	px	1	7	6.598772753231439e-11	3.8282159643141243	2.251059908092249	4.2376656881867785	0.4999999991764609	0.5000000008235393	0.5606156834018681	0.29270283120410334	2.8577718044516898	7.0428791281556e-18	0.9241894042540864	0.012986086006962884	3.5872990442445956e-20	0.0628245097389508	b_px7:3.264415965022e-01,a_px7:3.264415954388e-01,b_px3:9.820860876488e-02,a_px3:9.820860819563e-02,b_px8:1.570930895061e-02,a_px8:1.570930889069e-02,a_px4:1.049799294867e-02,b_px4:1.049799291998e-02
s0.97_shape_none_occ_0.01	fake_drop	dropped	fake_below_occ_cut	16	0.008763924997540112	0.995732392974126	transverse_bond	2	b_py7	py	1	7	5.489846022010471e-11	2.251059908071944	3.828215964278921	4.237665688153795	0.49999999932309713	0.500000000676903	0.5606156833875781	0.2927028311948916	2.8577718044080958	1.6270376820470353e-18	0.012986086005727322	0.924189404217593	3.414282936194112e-20	0.06282450977667983	b_py7:3.264415964096e-01,a_py7:3.264415955357e-01,b_py3:9.820860867039e-02,a_py3:9.820860820259e-02,b_py8:1.570930894414e-02,a_py8:1.570930889490e-02,a_py4:1.049799295718e-02,b_py4:1.049799293361e-02
s0.97_shape_none_occ_0.03	fake_drop	dropped	fake_below_occ_cut	12	0.003717909077825218	0.9970260738649649	bond_axis_midbond	1	a_s4	s	0	4	-6.065721212240841e-8	4.005907530787872	4.005907530786478	6.302333725388489	0.5000000526453618	0.499999947354638	0.46073294873306114	0.25195741437539493	2.8174900996367622	0.8991222688418155	3.1246947176775944e-20	2.1122414126509376e-20	0.007702571066473918	0.09317516009171065	a_s4:2.108550831564e-01,b_s4:2.108550582651e-01,a_s6:1.127101660485e-01,b_s6:1.127101358724e-01,a_s3:5.839244654119e-02,b_s3:5.839242472642e-02,a_s9:3.127116837932e-02,b_s9:3.127116411229e-02
s0.97_shape_none_occ_0.03	fake_drop	dropped	fake_below_occ_cut	13	0.0051550751163081	0.9970833800644309	bond_axis_midbond	2	b_s3	s	0	3	1.3232868696517639e-8	4.791280325968216	4.791280325968173	3.91583372219925	0.49999995813014353	0.5000000418698566	0.30219358788207273	0.1396376217821027	2.0702556056018953	0.7949621640288512	1.2589788370519963e-18	5.496831360016334e-20	0.0037719364804869	0.20126589949066181	b_s3:1.586753254006e-01,a_s3:1.586752555479e-01,a_s8:9.435656442643e-02,b_s8:9.435654485948e-02,b_s5:5.197934094745e-02,a_s5:5.197933996058e-02,b_s2:3.423823974433e-02,a_s2:3.423823308995e-02
s0.97_shape_none_occ_0.03	fake_drop	dropped	fake_below_occ_cut	14	0.00598037070326891	0.9962204821124789	bond_axis_midbond	2	b_s3	s	0	3	2.6417119421797267e-9	1.7444020727612146	1.7444020727614613	3.095461030811645	0.4999999514113974	0.5000000485886028	0.3276260087049092	0.16240660409285132	2.291922934693353	0.8223870116023274	2.0358213451361985e-22	1.900578884877624e-21	0.04078810607947985	0.13682488231819254	b_s3:1.595625171230e-01,a_s3:1.595624827924e-01,a_s4:1.132582095466e-01,b_s4:1.132581973298e-01,b_s6:7.416665673813e-02,a_s6:7.416660528881e-02,b_dzz1:2.236129313924e-02,a_dzz1:2.236129185323e-02
s0.97_shape_none_occ_0.03	fake_drop	dropped	fake_below_occ_cut	15	0.00876392499748104	0.9957323929742379	transverse_bond	2	b_px7	px	1	7	6.598772753231439e-11	3.8282159643141243	2.251059908092249	4.2376656881867785	0.4999999991764609	0.5000000008235393	0.5606156834018681	0.29270283120410334	2.8577718044516898	7.0428791281556e-18	0.9241894042540864	0.012986086006962884	3.5872990442445956e-20	0.0628245097389508	b_px7:3.264415965022e-01,a_px7:3.264415954388e-01,b_px3:9.820860876488e-02,a_px3:9.820860819563e-02,b_px8:1.570930895061e-02,a_px8:1.570930889069e-02,a_px4:1.049799294867e-02,b_px4:1.049799291998e-02
s0.97_shape_none_occ_0.03	fake_drop	dropped	fake_below_occ_cut	16	0.008763924997540112	0.995732392974126	transverse_bond	2	b_py7	py	1	7	5.489846022010471e-11	2.251059908071944	3.828215964278921	4.237665688153795	0.49999999932309713	0.500000000676903	0.5606156833875781	0.2927028311948916	2.8577718044080958	1.6270376820470353e-18	0.012986086005727322	0.924189404217593	3.414282936194112e-20	0.06282450977667983	b_py7:3.264415964096e-01,a_py7:3.264415955357e-01,b_py3:9.820860867039e-02,a_py3:9.820860820259e-02,b_py8:1.570930894414e-02,a_py8:1.570930889490e-02,a_py4:1.049799295718e-02,b_py4:1.049799293361e-02
s0.97_shape_none_occ_0.03	fake_drop	dropped	fake_below_occ_cut	17	0.01573276847375357	0.9988678686310305	bond_axis_midbond	1	a_s3	s	0	3	-4.334636238226399e-10	2.7769837740441683	2.776983774044169	4.035352696989474	0.5000000330870342	0.49999996691296555	0.2660635668378673	0.11277508231735647	1.93833629332645	0.7374059661951654	1.0432930328758658e-21	2.4010588537565745e-21	0.07754931914424812	0.1850447146605864	a_s3:1.883149832864e-01,b_s3:1.883149593533e-01,a_s6:1.083476568703e-01,b_s6:1.083476308149e-01,a_s4:3.509163831669e-02,b_s4:3.509163534166e-02,a_dxx1:2.522601765235e-02,a_dyy1:2.522601765235e-02
s0.97_shape_none_occ_0.03	fake_drop	dropped	fake_below_occ_cut	18	0.018200676640090653	0.9987839720524071	bond_axis_midbond	1	a_s3	s	0	3	-2.077528703811822e-9	3.0598148592597143	3.059814859258118	4.352211836004279	0.5000000262517685	0.4999999737482315	0.3497353190666255	0.18012684956899822	2.45018771629317	0.8990274026223501	2.5174797335275603e-21	1.889309708095873e-21	0.003797567093234542	0.09717503028441551	a_s3:1.500730860321e-01,b_s3:1.500730682305e-01,a_s4:1.150924633024e-01,b_s4:1.150924555655e-01,a_s6:1.138251900839e-01,b_s6:1.138251754781e-01,a_s7:3.032650269088e-02,b_s7:3.032650033726e-02
s0.97_shape_none_occ_0.03	fake_drop	dropped	fake_below_occ_cut	19	0.021400245021909323	0.9966243669673663	bond_axis_midbond	1	a_dyy6	dyy	2	6	1.2367703120051747e-14	4.294360880299934	4.294360880300855	4.353835530572278	0.4999999999999984	0.5000000000000017	0.61138366752385	0.3764135744616987	3.62686291555555	2.98491109257173e-20	4.116734891374263e-21	6.2582302792075484e-21	2.1665304665477993e-21	1.0	a_dyy6:1.206401209937e-01,b_dyy6:1.206401209928e-01,b_dxx6:1.206401209927e-01,a_dxx6:1.206401209918e-01,a_dyy5:5.032674532151e-02,b_dxx5:5.032674532137e-02,b_dyy5:5.032674531682e-02,a_dxx5:5.032674531668e-02
s0.97_shape_conservative	shape_drop	dropped	shape_filter	1	0.33237731710001045	0.9995276992085954	bond_axis_midbond	2	b_s4	s	0	4	-9.165518020426012	4.796155197772712	4.796155197773013	3.8440625449092853	0.47094054251953515	0.5290594574804647	0.5138512193659324	0.29641774049942593	3.1015518818306	0.6981278349156376	8.229971466625641e-21	3.414368118297102e-21	0.1037214925603163	0.1981506725240461	b_s4:2.879045431427e-01,a_s5:1.406275072796e-01,b_s6:7.155102192831e-02,a_pz8:6.193279311623e-02,b_s5:5.474292580007e-02,a_s3:4.338649610702e-02,a_dzz6:3.478275182023e-02,b_s3:3.331648854324e-02
s0.97_shape_conservative	shape_drop	dropped	shape_filter	2	0.7966988678632306	0.9995122470868418	bond_axis_midbond	1	a_pz7	pz	1	7	-8.008904871305301	3.073622665583074	3.0736226655829375	2.287906148006849	0.652225099383301	0.34777490061669875	0.5543594990904105	0.29793094227804195	2.9205185410008254	0.3718601808802814	5.714110697350823e-21	2.004399101066437e-21	0.5628237264426144	0.06531609267710416	a_pz7:3.160971048430e-01,a_pz3:2.018157770344e-01,b_s4:1.621707991410e-01,b_s5:8.373771666843e-02,a_s5:3.530089988168e-02,b_pz7:3.245201834536e-02,a_s4:3.086677424158e-02,a_dzz6:1.905347830135e-02
s0.97_shape_conservative	shape_drop	dropped	shape_filter	3	1.226311163051949	0.9978842180765723	outer_tail	1	a_s4	s	0	4	-5.778612380222246	3.9410555620845504	3.941055562081359	2.669675579716513	0.9016654671871639	0.09833453281283591	0.4154631440854836	0.21541331766222993	2.4707577599010704	0.854987167477847	5.5622444257675e-21	5.8852511756831686e-21	0.03676922210739294	0.10824361041475997	a_s4:4.009351952747e-01,a_s6:1.637787057837e-01,a_s3:1.546289651811e-01,b_s4:3.072389425639e-02,b_s6:3.021641122962e-02,a_s5:2.152636562154e-02,a_s7:2.056581134400e-02,a_dxx1:1.928366391359e-02
s0.97_shape_conservative	shape_drop	dropped	shape_filter	4	0.5427684313762776	0.9928165319382826	outer_tail	1	a_s4	s	0	4	-5.0207831844978825	5.342349552026915	5.34234955202959	3.590550745789411	0.9386427382986374	0.06135726170136262	0.3985063961658179	0.19835256231142892	2.3209952390485356	0.853264192040603	3.141548432727397e-20	6.5286339166240195e-21	0.035023928848124365	0.11171187911127298	a_s4:3.634027891596e-01,a_s6:2.011888990959e-01,a_s3:1.802839743918e-01,a_s5:3.563310698859e-02,a_s7:3.151092404477e-02,b_s5:2.260885519517e-02,a_dzz1:2.255077655812e-02,a_dxx1:2.195799941276e-02
s0.97_shape_conservative	shape_drop	dropped	shape_filter	5	1.1424788982312757	0.9979783982607082	outer_tail	1	a_s4	s	0	4	-4.4179228452305574	3.4052094745932138	3.405209474591559	2.0280248481406753	0.8758722859406534	0.12412771405934692	0.42896617404368553	0.2189084701210243	2.418991772735283	0.7580511995676594	1.63221477914185e-20	5.1808753611705076e-21	0.1969058749958587	0.04504292543648141	a_s4:2.962210803905e-01,a_s3:1.611197500693e-01,a_s6:1.501208235435e-01,a_pz7:1.102436090334e-01,b_s4:6.633457867572e-02,a_pz3:5.968513416277e-02,a_s7:2.360721606874e-02,a_s5:2.267872297206e-02
s0.97_shape_conservative	shape_drop	dropped	shape_filter	6	0.39991692598605816	0.9986183994917143	bond_axis_midbond	1	a_s9	s	0	9	-2.820243317139486	6.555854871250611	6.555854871254605	4.509639188188469	0.612185248311609	0.38781475168839064	0.6582497657691624	0.4526057748623418	4.42299164277519	0.6934104429900277	8.65011348049806e-21	8.85170583711555e-21	0.17618344364135768	0.13040611336861435	a_s9:2.128728889763e-01,a_s5:1.262547716829e-01,b_s4:1.028482624095e-01,b_s5:8.750917671177e-02,b_s9:7.158116226869e-02,a_pz8:6.055585628646e-02,b_pz8:3.941181739461e-02,a_s3:3.195324259057e-02
s0.97_shape_conservative	shape_drop	dropped	shape_filter	7	0.723665653401534	0.9984547703871985	bond_axis_midbond	1	a_pz3	pz	1	3	-2.389496770058751	2.177722666812445	2.1777226668110714	1.4444993454302026	0.527520880985414	0.47247911901458606	0.47006907549618737	0.2436331058050163	2.6538511974877155	0.5709491606344026	1.323108603967839e-20	1.7397910572264205e-20	0.37499014653071083	0.054060692834886674	a_pz3:1.879604021102e-01,b_s4:1.494867086468e-01,a_pz7:1.369211802151e-01,a_s4:1.084504245246e-01,b_s3:1.004695857060e-01,b_s6:7.437022589311e-02,b_s5:5.018811869759e-02,a_s6:2.121848875891e-02
s0.97_shape_conservative	shape_drop	dropped	shape_filter	8	0.7236656489214376	0.9984547704134481	bond_axis_midbond	2	b_pz3	pz	1	3	2.3894967675495566	2.1777225995478338	2.177722599548097	1.4444993202038203	0.47247914251839795	0.527520857481602	0.47006908063504077	0.24363310704399083	2.65385119297451	0.5709491102941049	2.544729177719509e-20	1.8761423399112897e-20	0.37499019864351557	0.05406069106237947	b_pz3:1.879604294232e-01,a_s4:1.494867099341e-01,b_pz7:1.369212042404e-01,b_s4:1.084503960458e-01,a_s3:1.004695926763e-01,a_s6:7.437023153643e-02,a_s5:5.018812368470e-02,b_s6:2.121846755546e-02
s0.97_shape_conservative	shape_drop	dropped	shape_filter	9	0.39991692606736173	0.9986183995076503	bond_axis_midbond	2	b_s9	s	0	9	2.820243316310585	6.5558548676297494	6.5558548676334	4.509639185476513	0.3878147617693629	0.6121852382306371	0.6582497757603426	0.4526057843582663	4.422991697566523	0.6934104369122314	4.525306396659239e-20	3.59640415119109e-21	0.1761834497313308	0.13040611335643776	b_s9:2.128728922280e-01,b_s5:1.262547682227e-01,a_s4:1.028482623072e-01,a_s5:8.750918121997e-02,a_s9:7.158116779345e-02,b_pz8:6.055585829525e-02,a_pz8:3.941181874385e-02,b_s3:3.195323734129e-02
s0.97_shape_conservative	shape_drop	dropped	shape_filter	10	1.1424788979592717	0.9979783982644933	outer_tail	2	b_s4	s	0	4	4.417922846737932	3.4052094698920623	3.405209469894262	2.028024843993075	0.12412771388149334	0.8758722861185064	0.42896617455439034	0.21890847051984472	2.4189917745363383	0.7580511986028731	1.8265093228819354e-20	1.297114610720954e-21	0.19690587552105152	0.045042925876075335	b_s4:2.962210831040e-01,b_s3:1.611197494813e-01,b_s6:1.501208211164e-01,b_pz7:1.102436093794e-01,a_s4:6.633457786791e-02,b_pz3:5.968513425680e-02,b_s7:2.360721521917e-02,b_s5:2.267872387215e-02
s0.97_shape_conservative	shape_drop	dropped	shape_filter	11	0.542768431908247	0.992816531886634	outer_tail	2	b_s4	s	0	4	5.020783184990116	5.342349551343259	5.342349551340249	3.590550740326899	0.06135726140690244	0.9386427385930971	0.3985063953306068	0.19835256160177647	2.320995234833209	0.8532641931886518	4.013497610777172e-20	8.543860326501533e-22	0.035023928694664315	0.11171187811668382	b_s4:3.634027853152e-01,b_s6:2.011889022648e-01,b_s3:1.802839755297e-01,b_s5:3.563310677514e-02,b_s7:3.151092498787e-02,a_s5:2.260885508024e-02,b_dzz1:2.255077652639e-02,b_dyy1:2.195799939176e-02
s0.97_shape_conservative	shape_drop	dropped	shape_filter	12	1.2263111619757432	0.9978842180744101	outer_tail	2	b_s4	s	0	4	5.778612379879832	3.9410555666391947	3.9410555666358746	2.669675581539258	0.09833453628635389	0.9016654637136461	0.41546314498954773	0.21541331837689964	2.47075776418189	0.8549871667661901	1.832186119064856e-20	3.369364786298368e-21	0.036769221998772944	0.10824361123503701	b_s4:4.009351980414e-01,b_s6:1.637787017344e-01,b_s3:1.546289632192e-01,a_s4:3.072389472556e-02,a_s6:3.021641294678e-02,b_s5:2.152636643635e-02,b_s7:2.056580956329e-02,b_dyy1:1.928366383854e-02
s0.97_shape_conservative	shape_drop	dropped	shape_filter	13	0.7966988681498126	0.9995122470869598	bond_axis_midbond	2	b_pz7	pz	1	7	8.008904870519098	3.0736226657003147	3.0736226657008054	2.2879061468577913	0.347774895977522	0.652225104022478	0.5543594995515384	0.2979309424965177	2.9205185412817687	0.3718601791632318	2.8150400063397727e-21	2.535904791336733e-21	0.5628237282759452	0.06531609256082309	b_pz7:3.160971058770e-01,b_pz3:2.018157775355e-01,a_s4:1.621707948909e-01,a_s5:8.373771963360e-02,b_s5:3.530089801793e-02,a_pz7:3.245201857538e-02,b_s4:3.086677711667e-02,b_dzz6:1.905347839675e-02
s0.97_shape_conservative	shape_drop	dropped	shape_filter	14	0.33237731712604374	0.9995276992080304	bond_axis_midbond	1	a_s4	s	0	4	9.16551802065242	4.796155197052581	4.796155197052898	3.844062544389006	0.52905946903947	0.47094053096053007	0.5138512253373227	0.2964177450398667	3.1015519080070604	0.6981278292940927	2.3658993742715628e-20	1.3665102945674791e-21	0.10372149646262153	0.19815067424328564	a_s4:2.879045476955e-01,b_s5:1.406275084403e-01,a_s6:7.155102250932e-02,b_pz8:6.193279523862e-02,a_s5:5.474293019115e-02,b_s3:4.338649017776e-02,b_dzz6:3.478275286853e-02,a_s3:3.331648780592e-02
s0.97_shape_conservative_occ_0.01	fake_drop	dropped	fake_below_occ_cut	5	0.008402275449818196	0.9948824743398726	bond_axis_midbond	1	a_s4	s	0	4	-5.1279961576333824e-9	1.444081251671283	1.4440812516801689	2.632564258200634	0.5000000025764653	0.4999999974235347	0.3575547911251523	0.18376910244359654	2.261570963570977	0.9039978710648643	2.1276665405568181e-19	1.2917429325296538e-22	0.046185134103910314	0.049816994831225515	a_s4:2.171079582102e-01,b_s4:2.171079354965e-01,a_s3:1.516144743241e-01,b_s3:1.516144710952e-01,b_s6:6.339389999901e-02,a_s6:6.339388717190e-02,b_s7:8.503580737980e-03,a_s7:8.503574329885e-03
s0.97_shape_conservative_occ_0.01	fake_drop	dropped	fake_below_occ_cut	6	0.008763924997481408	0.995732392974236	transverse_bond	2	b_px7	px	1	7	6.591433604474148e-11	3.828906348154795	2.249885409595294	4.237665688186675	0.4999999991764574	0.5000000008235423	0.5606156834018697	0.2927028312041087	2.8577718044517635	6.879745950611595e-16	0.9246917988680361	0.012483691392996344	6.088805315587965e-17	0.06282450973896668	b_px7:3.266190520098e-01,a_px7:3.266190509459e-01,b_px3:9.826199552286e-02,a_px3:9.826199495333e-02,b_px8:1.571784862027e-02,a_px8:1.571784856032e-02,a_px4:1.050369971732e-02,b_px4:1.050369968862e-02
s0.97_shape_conservative_occ_0.01	fake_drop	dropped	fake_below_occ_cut	7	0.008763924997540152	0.9957323929741241	transverse_bond	2	b_py7	py	1	7	5.4903243004216453e-11	2.249885409574848	3.8289063481195735	4.237665688153828	0.4999999993230912	0.5000000006769086	0.5606156833875763	0.2927028311948878	2.8577718044080456	2.5890661180971966e-16	0.012483691391471092	0.9246917988318595	2.431186966403962e-17	0.06282450977666938	b_py7:3.266190519173e-01,a_py7:3.266190510429e-01,b_py3:9.826199542843e-02,a_py3:9.826199496034e-02,b_py8:1.571784861379e-02,a_py8:1.571784856452e-02,a_py4:1.050369972583e-02,b_py4:1.050369970224e-02
s0.97_shape_conservative_occ_0.03	fake_drop	dropped	fake_below_occ_cut	5	0.008402275449818196	0.9948824743398726	bond_axis_midbond	1	a_s4	s	0	4	-5.1279961576333824e-9	1.444081251671283	1.4440812516801689	2.632564258200634	0.5000000025764653	0.4999999974235347	0.3575547911251523	0.18376910244359654	2.261570963570977	0.9039978710648643	2.1276665405568181e-19	1.2917429325296538e-22	0.046185134103910314	0.049816994831225515	a_s4:2.171079582102e-01,b_s4:2.171079354965e-01,a_s3:1.516144743241e-01,b_s3:1.516144710952e-01,b_s6:6.339389999901e-02,a_s6:6.339388717190e-02,b_s7:8.503580737980e-03,a_s7:8.503574329885e-03
s0.97_shape_conservative_occ_0.03	fake_drop	dropped	fake_below_occ_cut	6	0.008763924997481408	0.995732392974236	transverse_bond	2	b_px7	px	1	7	6.591433604474148e-11	3.828906348154795	2.249885409595294	4.237665688186675	0.4999999991764574	0.5000000008235423	0.5606156834018697	0.2927028312041087	2.8577718044517635	6.879745950611595e-16	0.9246917988680361	0.012483691392996344	6.088805315587965e-17	0.06282450973896668	b_px7:3.266190520098e-01,a_px7:3.266190509459e-01,b_px3:9.826199552286e-02,a_px3:9.826199495333e-02,b_px8:1.571784862027e-02,a_px8:1.571784856032e-02,a_px4:1.050369971732e-02,b_px4:1.050369968862e-02
s0.97_shape_conservative_occ_0.03	fake_drop	dropped	fake_below_occ_cut	7	0.008763924997540152	0.9957323929741241	transverse_bond	2	b_py7	py	1	7	5.4903243004216453e-11	2.249885409574848	3.8289063481195735	4.237665688153828	0.4999999993230912	0.5000000006769086	0.5606156833875763	0.2927028311948878	2.8577718044080456	2.5890661180971966e-16	0.012483691391471092	0.9246917988318595	2.431186966403962e-17	0.06282450977666938	b_py7:3.266190519173e-01,a_py7:3.266190510429e-01,b_py3:9.826199542843e-02,a_py3:9.826199496034e-02,b_py8:1.571784861379e-02,a_py8:1.571784856452e-02,a_py4:1.050369972583e-02,b_py4:1.050369970224e-02
s0.97_shape_conservative_occ_0.03	fake_drop	dropped	fake_below_occ_cut	8	0.018508567172107564	0.997538336864779	bond_axis_midbond	2	b_s5	s	0	5	5.881710932250352e-8	1.6837508270522752	1.683750827053391	2.527441145543439	0.49999996691398024	0.5000000330860198	0.40868494209474665	0.19564076046316764	2.5020526170404422	0.42247907013617636	1.36249365814365e-19	9.99237501370292e-20	0.15313057094216026	0.4243903589216632	b_s5:9.076226766357e-02,a_s5:9.076220512631e-02,b_dzz2:7.861152399729e-02,a_dzz2:7.861152163584e-02,a_pz3:5.677022938595e-02,b_pz3:5.677021271051e-02,b_dyy2:5.084772863649e-02,b_dxx2:5.084772863647e-02
s0.97_shape_conservative_occ_0.03	fake_drop	dropped	fake_below_occ_cut	9	0.02140024502190917	0.9966243669673669	bond_axis_midbond	1	a_dyy6	dyy	2	6	4.066474676896205e-16	4.294360880301296	4.294360880299492	4.353835530572278	0.5000000000000001	0.4999999999999998	0.61138366752385	0.3764135744616986	3.62686291555555	3.9641161298077776e-20	4.118756732629429e-21	6.260239571101998e-21	6.606675615522205e-22	0.9999999999999999	a_dyy6:1.206401209936e-01,b_dxx6:1.206401209931e-01,b_dyy6:1.206401209924e-01,a_dxx6:1.206401209919e-01,a_dyy5:5.032674532172e-02,b_dxx5:5.032674532153e-02,b_dyy5:5.032674531666e-02,a_dxx5:5.032674531647e-02
s0.97_shape_conservative_occ_0.03	fake_drop	dropped	fake_below_occ_cut	10	0.028188770639318367	0.9927992975029072	bond_axis_midbond	2	b_s6	s	0	6	-6.145730899221057e-8	1.5235633080835913	1.5235633080851152	1.8112470509449945	0.49999998397220713	0.500000016027793	0.37296587960633093	0.17347434236831985	2.197193023146466	0.8802578618432702	1.712451841183681e-19	2.98598350630828e-20	0.01085239748951083	0.1088897406672191	b_s6:1.237555622655e-01,a_s6:1.237555481134e-01,b_s3:1.025436851253e-01,a_s3:1.025436741931e-01,a_s5:1.021685663109e-01,b_s5:1.021685610498e-01,b_s4:6.774812160446e-02,a_s4:6.774811539469e-02
s0.95	representability_drop	dropped	s_below_cut	5	0.014946800013859018	0.925153078693937	bond_axis_midbond	2	b_s6	s	0	6	1.6287466568700754e-6	1.5426661598166882	1.5426661598444102	2.367702266780317	0.499999490875924	0.5000005091240763	0.37900797330813113	0.1881365925684951	2.4613244844353397	0.934462108949751	8.245302315230786e-22	2.998648924106368e-22	0.010395420949096361	0.055142470101152655	b_s6:1.738913188471e-01,a_s6:1.738910063921e-01,b_s7:1.183924432092e-01,a_s7:1.183922090904e-01,b_s3:1.005624676821e-01,a_s3:1.005622435817e-01,b_s4:3.912556005668e-02,a_s4:3.912544102076e-02
s0.95	representability_drop	dropped	s_below_cut	6	0.022815601434060088	0.9338154693889682	bond_axis_midbond	1	a_s6	s	0	6	-1.7007783048511243e-6	1.5014135698920532	1.50141356986613	2.262308740604725	0.500000580343321	0.4999994196566792	0.371943223818868	0.18819750005857744	2.4699451648891446	0.9265990764889245	2.2363996946442242e-21	1.9830723322942884e-22	7.662883546346664e-6	0.07339326062752942	a_s6:1.364696863418e-01,b_s6:1.364693216648e-01,a_s3:1.112958424254e-01,b_s3:1.112955876978e-01,a_s7:1.082429558349e-01,b_s7:1.082426796899e-01,a_s4:6.153596400545e-02,b_s4:6.153584779784e-02
s0.95_shape_none_occ_0.01	fake_drop	dropped	fake_below_occ_cut	16	0.003717909077824988	0.9970260738649642	bond_axis_midbond	1	a_s4	s	0	4	-6.065741260640433e-8	4.005907530788602	4.0059075307883205	6.302333725390418	0.5000000526453451	0.49999994735465497	0.46073294873309706	0.2519574143754278	2.8174900996370944	0.8991222688418237	1.0508997490828297e-21	3.8994689206464614e-22	0.007702571066434875	0.09317516009174143	a_s4:2.108550831564e-01,b_s4:2.108550582651e-01,a_s6:1.127101660484e-01,b_s6:1.127101358724e-01,a_s3:5.839244654117e-02,b_s3:5.839242472640e-02,a_s9:3.127116837934e-02,b_s9:3.127116411232e-02
s0.95_shape_none_occ_0.01	fake_drop	dropped	fake_below_occ_cut	17	0.005155075116307963	0.9970833800644313	bond_axis_midbond	2	b_s3	s	0	3	1.3232311424159533e-8	4.791280325968535	4.7912803259685175	3.915833722198413	0.4999999581305737	0.5000000418694266	0.3021935878820462	0.1396376217820907	2.070255605601858	0.7949621640288389	9.831006619286134e-22	1.6326366322503441e-22	0.00377193648048909	0.20126589949067206	b_s3:1.586753254005e-01,a_s3:1.586752555481e-01,a_s8:9.435656442647e-02,b_s8:9.435654485943e-02,b_s5:5.197934094729e-02,a_s5:5.197933996067e-02,b_s2:3.423823974432e-02,a_s2:3.423823308997e-02
s0.95_shape_none_occ_0.01	fake_drop	dropped	fake_below_occ_cut	18	0.005980370703268822	0.9962204821124766	bond_axis_midbond	2	b_s3	s	0	3	2.643431786939016e-9	1.744402072762273	1.744402072761345	3.0954610308113057	0.49999995141158327	0.5000000485884166	0.32762600870490094	0.1624066040928448	2.29192293469339	0.8223870116023133	6.600651482993828e-22	2.375920762902693e-22	0.040788106079445004	0.13682488231824166	b_s3:1.595625171230e-01,a_s3:1.595624827925e-01,a_s4:1.132582095465e-01,b_s4:1.132581973297e-01,b_s6:7.416665673809e-02,a_s6:7.416660528886e-02,b_dzz1:2.236129313924e-02,a_dzz1:2.236129185324e-02
s0.95_shape_none_occ_0.01	fake_drop	dropped	fake_below_occ_cut	19	0.008847773354589831	0.9954704421122968	transverse_bond	1	a_py4	py	1	4	1.191083988952515e-13	2.5857640438150193	3.4642317813506525	4.136793927842699	0.5000000000010685	0.49999999999893147	0.40643853521926787	0.1621581348046606	2.028392578217192	2.4474352276723378e-18	0.1624715507241115	0.591129758624949	7.942599451361114e-21	0.24639869065093936	a_py4:8.546605400705e-02,b_py4:8.546605400658e-02,a_py6:7.536700742736e-02,b_py6:7.536700742680e-02,a_py3:5.705324360541e-02,b_py3:5.705324360289e-02,a_py5:3.797703442033e-02,b_py5:3.797703442008e-02
s0.95_shape_none_occ_0.01	fake_drop	dropped	fake_below_occ_cut	20	0.008847773354590336	0.9954704421123012	transverse_bond	2	b_px4	px	1	4	3.693601822373542e-14	3.464231781350803	2.585764043815086	4.136793927842858	0.500000000000298	0.4999999999997022	0.406438535219346	0.16215813480476474	2.0283925782181194	5.562382390600626e-19	0.5911297586247239	0.16247155072416355	5.681272784961881e-22	0.24639869065111267	b_px4:8.546605400679e-02,a_px4:8.546605400678e-02,b_px6:7.536700742703e-02,a_px6:7.536700742703e-02,b_px3:5.705324360366e-02,a_px3:5.705324360365e-02,b_px5:3.797703442019e-02,a_px5:3.797703442019e-02
s0.95_shape_none_occ_0.03	fake_drop	dropped	fake_below_occ_cut	16	0.003717909077824988	0.9970260738649642	bond_axis_midbond	1	a_s4	s	0	4	-6.065741260640433e-8	4.005907530788602	4.0059075307883205	6.302333725390418	0.5000000526453451	0.49999994735465497	0.46073294873309706	0.2519574143754278	2.8174900996370944	0.8991222688418237	1.0508997490828297e-21	3.8994689206464614e-22	0.007702571066434875	0.09317516009174143	a_s4:2.108550831564e-01,b_s4:2.108550582651e-01,a_s6:1.127101660484e-01,b_s6:1.127101358724e-01,a_s3:5.839244654117e-02,b_s3:5.839242472640e-02,a_s9:3.127116837934e-02,b_s9:3.127116411232e-02
s0.95_shape_none_occ_0.03	fake_drop	dropped	fake_below_occ_cut	17	0.005155075116307963	0.9970833800644313	bond_axis_midbond	2	b_s3	s	0	3	1.3232311424159533e-8	4.791280325968535	4.7912803259685175	3.915833722198413	0.4999999581305737	0.5000000418694266	0.3021935878820462	0.1396376217820907	2.070255605601858	0.7949621640288389	9.831006619286134e-22	1.6326366322503441e-22	0.00377193648048909	0.20126589949067206	b_s3:1.586753254005e-01,a_s3:1.586752555481e-01,a_s8:9.435656442647e-02,b_s8:9.435654485943e-02,b_s5:5.197934094729e-02,a_s5:5.197933996067e-02,b_s2:3.423823974432e-02,a_s2:3.423823308997e-02
s0.95_shape_none_occ_0.03	fake_drop	dropped	fake_below_occ_cut	18	0.005980370703268822	0.9962204821124766	bond_axis_midbond	2	b_s3	s	0	3	2.643431786939016e-9	1.744402072762273	1.744402072761345	3.0954610308113057	0.49999995141158327	0.5000000485884166	0.32762600870490094	0.1624066040928448	2.29192293469339	0.8223870116023133	6.600651482993828e-22	2.375920762902693e-22	0.040788106079445004	0.13682488231824166	b_s3:1.595625171230e-01,a_s3:1.595624827925e-01,a_s4:1.132582095465e-01,b_s4:1.132581973297e-01,b_s6:7.416665673809e-02,a_s6:7.416660528886e-02,b_dzz1:2.236129313924e-02,a_dzz1:2.236129185324e-02
s0.95_shape_none_occ_0.03	fake_drop	dropped	fake_below_occ_cut	19	0.008847773354589831	0.9954704421122968	transverse_bond	1	a_py4	py	1	4	1.191083988952515e-13	2.5857640438150193	3.4642317813506525	4.136793927842699	0.5000000000010685	0.49999999999893147	0.40643853521926787	0.1621581348046606	2.028392578217192	2.4474352276723378e-18	0.1624715507241115	0.591129758624949	7.942599451361114e-21	0.24639869065093936	a_py4:8.546605400705e-02,b_py4:8.546605400658e-02,a_py6:7.536700742736e-02,b_py6:7.536700742680e-02,a_py3:5.705324360541e-02,b_py3:5.705324360289e-02,a_py5:3.797703442033e-02,b_py5:3.797703442008e-02
s0.95_shape_none_occ_0.03	fake_drop	dropped	fake_below_occ_cut	20	0.008847773354590336	0.9954704421123012	transverse_bond	2	b_px4	px	1	4	3.693601822373542e-14	3.464231781350803	2.585764043815086	4.136793927842858	0.500000000000298	0.4999999999997022	0.406438535219346	0.16215813480476474	2.0283925782181194	5.562382390600626e-19	0.5911297586247239	0.16247155072416355	5.681272784961881e-22	0.24639869065111267	b_px4:8.546605400679e-02,a_px4:8.546605400678e-02,b_px6:7.536700742703e-02,a_px6:7.536700742703e-02,b_px3:5.705324360366e-02,a_px3:5.705324360365e-02,b_px5:3.797703442019e-02,a_px5:3.797703442019e-02
s0.95_shape_none_occ_0.03	fake_drop	dropped	fake_below_occ_cut	21	0.015732768473753492	0.9988678686310305	bond_axis_midbond	1	a_s3	s	0	3	-4.3287984955101253e-10	2.7769837740441847	2.776983774044189	4.035352696989536	0.5000000330869416	0.4999999669130583	0.2660635668378814	0.11277508231736273	1.9383362933264685	0.7374059661951984	1.4782564239157885e-21	1.2300727047340197e-22	0.07754931914423649	0.18504471466056516	a_s3:1.883149832864e-01,b_s3:1.883149593533e-01,a_s6:1.083476568703e-01,b_s6:1.083476308149e-01,a_s4:3.509163831665e-02,b_s4:3.509163534170e-02,a_dxx1:2.522601765235e-02,a_dyy1:2.522601765235e-02
s0.95_shape_none_occ_0.03	fake_drop	dropped	fake_below_occ_cut	22	0.018200676640090514	0.9987839720524061	bond_axis_midbond	1	a_s3	s	0	3	-2.0779903194045197e-9	3.059814859259887	3.0598148592585135	4.352211836002248	0.5000000262518932	0.4999999737481069	0.349735319066626	0.1801268495689988	2.4501877162931844	0.899027402622342	1.0604636817657282e-21	4.1474749689899087e-22	0.0037975670932379013	0.09717503028441994	a_s3:1.500730860321e-01,b_s3:1.500730682305e-01,a_s4:1.150924633025e-01,b_s4:1.150924555655e-01,a_s6:1.138251900839e-01,b_s6:1.138251754781e-01,a_s7:3.032650269088e-02,b_s7:3.032650033726e-02
s0.95_shape_none_occ_0.03	fake_drop	dropped	fake_below_occ_cut	23	0.02140024502190904	0.9966243669673651	bond_axis_midbond	1	a_dyy6	dyy	2	6	-2.4734080235126326e-14	4.294360880299904	4.29436088030089	4.353835530572278	0.5000000000000031	0.499999999999997	0.6113836675238502	0.37641357446169904	3.626862915555552	3.0138218027596076e-20	1.0592009611476824e-23	2.1858534531716665e-23	2.1695474174782896e-21	1.0	a_dyy6:1.206401209937e-01,b_dyy6:1.206401209928e-01,b_dxx6:1.206401209927e-01,a_dxx6:1.206401209918e-01,a_dyy5:5.032674532154e-02,b_dxx5:5.032674532136e-02,b_dyy5:5.032674531683e-02,a_dxx5:5.032674531666e-02
s0.95_shape_conservative	shape_drop	dropped	shape_filter	1	0.33237731710001067	0.9995276992085957	bond_axis_midbond	2	b_s4	s	0	4	-9.165518020424292	4.79615519777289	4.79615519777284	3.844062544912638	0.4709405425195358	0.5290594574804643	0.513851219365931	0.2964177404994254	3.101551881830598	0.6981278349156378	2.135510448065493e-22	1.3181595115669276e-23	0.10372149256031434	0.198150672524048	b_s4:2.879045431427e-01,a_s5:1.406275072796e-01,b_s6:7.155102192832e-02,a_pz8:6.193279311623e-02,b_s5:5.474292580006e-02,a_s3:4.338649610702e-02,a_dzz6:3.478275182023e-02,b_s3:3.331648854324e-02
s0.95_shape_conservative	shape_drop	dropped	shape_filter	2	0.796698867863228	0.999512247086842	bond_axis_midbond	1	a_pz7	pz	1	7	-8.00890487130441	3.0736226655822234	3.0736226655818975	2.287906148009045	0.6522250993833014	0.3477749006166986	0.5543594990904106	0.2979309422780419	2.920518541000825	0.3718601808802808	2.704471318060702e-22	5.6058935812070526e-24	0.562823726442615	0.06531609267710432	a_pz7:3.160971048430e-01,a_pz3:2.018157770344e-01,b_s4:1.621707991410e-01,b_s5:8.373771666843e-02,a_s5:3.530089988168e-02,b_pz7:3.245201834536e-02,a_s4:3.086677424158e-02,a_dzz6:1.905347830135e-02
s0.95_shape_conservative	shape_drop	dropped	shape_filter	3	1.2263111630519588	0.9978842180765729	outer_tail	1	a_s4	s	0	4	-5.778612380230272	3.9410555620838412	3.941055562085201	2.6696755796828073	0.901665467187164	0.09833453281283588	0.415463144085484	0.21541331766223026	2.470757759901072	0.8549871674778459	2.820303971824654e-23	4.606389462054526e-24	0.03676922210739383	0.1082436104147602	a_s4:4.009351952747e-01,a_s6:1.637787057837e-01,a_s3:1.546289651811e-01,b_s4:3.072389425639e-02,b_s6:3.021641122962e-02,a_s5:2.152636562154e-02,a_s7:2.056581134400e-02,a_dxx1:1.928366391359e-02
s0.95_shape_conservative	shape_drop	dropped	shape_filter	4	0.5427684313762831	0.9928165319382838	outer_tail	1	a_s4	s	0	4	-5.020783184532779	5.342349552026774	5.3423495520280255	3.590550745757801	0.9386427382986374	0.06135726170136213	0.39850639616581796	0.19835256231142895	2.3209952390485356	0.8532641920406027	1.563656505846548e-23	2.730435003970227e-25	0.03502392884812524	0.11171187911127207	a_s4:3.634027891596e-01,a_s6:2.011888990959e-01,a_s3:1.802839743918e-01,a_s5:3.563310698859e-02,a_s7:3.151092404477e-02,b_s5:2.260885519517e-02,a_dzz1:2.255077655812e-02,a_dxx1:2.195799941276e-02
s0.95_shape_conservative	shape_drop	dropped	shape_filter	5	1.1424788982312637	0.9979783982607082	outer_tail	1	a_s4	s	0	4	-4.41792284524522	3.405209474595887	3.4052094745959036	2.0280248480997116	0.8758722859406529	0.12412771405934737	0.42896617404368503	0.21890847012102388	2.4189917727352808	0.7580511995676609	3.3456499341271916e-23	2.165081322330669e-24	0.19690587499585777	0.04504292543648155	a_s4:2.962210803905e-01,a_s3:1.611197500693e-01,a_s6:1.501208235435e-01,a_pz7:1.102436090334e-01,b_s4:6.633457867572e-02,a_pz3:5.968513416277e-02,a_s7:2.360721606874e-02,a_s5:2.267872297206e-02
s0.95_shape_conservative	shape_drop	dropped	shape_filter	6	0.39991692598605905	0.9986183994917138	bond_axis_midbond	1	a_s9	s	0	9	-2.820243317143041	6.555854871252318	6.555854871253374	4.509639188187603	0.6121852483116041	0.3878147516883957	0.6582497657691654	0.45260577486234427	4.422991642775202	0.6934104429900239	1.8856936942176272e-22	1.9130212247546024e-23	0.176183443641363	0.13040611336861307	a_s9:2.128728889763e-01,a_s5:1.262547716829e-01,b_s4:1.028482624095e-01,b_s5:8.750917671177e-02,b_s9:7.158116226869e-02,a_pz8:6.055585628646e-02,b_pz8:3.941181739461e-02,a_s3:3.195324259057e-02
s0.95_shape_conservative	shape_drop	dropped	shape_filter	7	0.7236656534015349	0.9984547703871982	bond_axis_midbond	1	a_pz3	pz	1	3	-2.38949677005608	2.1777226668128633	2.1777226668118903	1.4444993454357986	0.5275208809854157	0.4724791190145844	0.47006907549618565	0.24363310580501588	2.653851197487714	0.5709491606344176	7.180990375992726e-22	9.223142705301787e-23	0.3749901465306956	0.05406069283488686	a_pz3:1.879604021102e-01,b_s4:1.494867086468e-01,a_pz7:1.369211802151e-01,a_s4:1.084504245246e-01,b_s3:1.004695857060e-01,b_s6:7.437022589311e-02,b_s5:5.018811869759e-02,a_s6:2.121848875891e-02
s0.95_shape_conservative	shape_drop	dropped	shape_filter	8	0.7236656489214467	0.9984547704134478	bond_axis_midbond	2	b_pz3	pz	1	3	2.3894967675493515	2.1777225995498495	2.1777225995482636	1.4444993202030325	0.4724791425183873	0.5275208574816126	0.4700690806350355	0.24363310704398905	2.653851192974504	0.570949110294148	1.1101566586550678e-21	7.345864861365761e-23	0.37499019864347	0.05406069106238223	b_pz3:1.879604294232e-01,a_s4:1.494867099341e-01,b_pz7:1.369212042404e-01,b_s4:1.084503960458e-01,a_s3:1.004695926763e-01,a_s6:7.437023153643e-02,a_s5:5.018812368470e-02,b_s6:2.121846755548e-02
s0.95_shape_conservative	shape_drop	dropped	shape_filter	9	0.39991692606736257	0.9986183995076511	bond_axis_midbond	2	b_s9	s	0	9	2.8202433163064398	6.555854867628185	6.555854867632746	4.509639185476527	0.3878147617693712	0.6121852382306292	0.658249775760348	0.45260578435827076	4.4229916975665455	0.6934104369122266	7.402006589371406e-23	2.0413125569372873e-23	0.1761834497313376	0.13040611335643587	b_s9:2.128728922280e-01,b_s5:1.262547682227e-01,a_s4:1.028482623072e-01,a_s5:8.750918121997e-02,a_s9:7.158116779345e-02,b_pz8:6.055585829525e-02,a_pz8:3.941181874385e-02,b_s3:3.195323734129e-02
s0.95_shape_conservative	shape_drop	dropped	shape_filter	10	1.1424788979592735	0.9979783982644906	outer_tail	2	b_s4	s	0	4	4.417922846743216	3.405209469890504	3.4052094698917643	2.0280248439950945	0.12412771388149192	0.8758722861185078	0.4289661745543901	0.2189084705198445	2.418991774536337	0.7580511986028742	1.7100014107895604e-22	7.042699537133182e-24	0.19690587552105004	0.04504292587607571	b_s4:2.962210831040e-01,b_s3:1.611197494813e-01,b_s6:1.501208211164e-01,b_pz7:1.102436093794e-01,a_s4:6.633457786791e-02,b_pz3:5.968513425680e-02,b_s7:2.360721521917e-02,b_s5:2.267872387215e-02
s0.95_shape_conservative	shape_drop	dropped	shape_filter	11	0.542768431908243	0.9928165318866344	outer_tail	2	b_s4	s	0	4	5.020783185043879	5.34234955134217	5.3423495513426005	3.5905507402637955	0.061357261406902106	0.9386427385930979	0.39850639533060656	0.1983525616017764	2.320995234833209	0.8532641931886521	4.817082402651213e-23	1.1118570776233615e-23	0.03502392869466364	0.11171187811668432	b_s4:3.634027853152e-01,b_s6:2.011889022648e-01,b_s3:1.802839755297e-01,b_s5:3.563310677514e-02,b_s7:3.151092498787e-02,a_s5:2.260885508024e-02,b_dzz1:2.255077652639e-02,b_dyy1:2.195799939176e-02
s0.95_shape_conservative	shape_drop	dropped	shape_filter	12	1.226311161975745	0.9978842180744111	outer_tail	2	b_s4	s	0	4	5.778612379882686	3.9410555666382296	3.9410555666384397	2.669675581536772	0.09833453628635437	0.9016654637136454	0.41546314498954773	0.21541331837689967	2.4707577641818905	0.8549871667661901	4.8016552737225054e-23	2.0602574527633667e-24	0.03676922199877299	0.10824361123503677	b_s4:4.009351980414e-01,b_s6:1.637787017344e-01,b_s3:1.546289632192e-01,a_s4:3.072389472556e-02,a_s6:3.021641294678e-02,b_s5:2.152636643635e-02,b_s7:2.056580956329e-02,b_dyy1:1.928366383854e-02
s0.95_shape_conservative	shape_drop	dropped	shape_filter	13	0.7966988681498114	0.9995122470869598	bond_axis_midbond	2	b_pz7	pz	1	7	8.008904870518199	3.073622665701259	3.0736226657016594	2.2879061468620208	0.34777489597752265	0.6522251040224774	0.5543594995515382	0.2979309424965178	2.9205185412817687	0.37186017916323155	9.999118392136109e-23	3.542015334746419e-23	0.5628237282759448	0.06531609256082359	b_pz7:3.160971058769e-01,b_pz3:2.018157775355e-01,a_s4:1.621707948909e-01,a_s5:8.373771963360e-02,b_s5:3.530089801793e-02,a_pz7:3.245201857539e-02,b_s4:3.086677711667e-02,b_dzz6:1.905347839675e-02
s0.95_shape_conservative	shape_drop	dropped	shape_filter	14	0.332377317126044	0.999527699208031	bond_axis_midbond	1	a_s4	s	0	4	9.16551802065543	4.796155197053423	4.796155197053716	3.844062544379727	0.5290594690394713	0.47094053096052874	0.5138512253373222	0.2964177450398663	3.101551908007058	0.6981278292940943	6.397780205176855e-24	1.967150120131192e-23	0.10372149646262085	0.19815067424328503	a_s4:2.879045476955e-01,b_s5:1.406275084403e-01,a_s6:7.155102250932e-02,b_pz8:6.193279523862e-02,a_s5:5.474293019115e-02,b_s3:4.338649017776e-02,b_dzz6:3.478275286853e-02,a_s3:3.331648780592e-02
s0.95_shape_conservative_occ_0.01	fake_drop	dropped	fake_below_occ_cut	9	0.008402275449817847	0.9948824743398724	bond_axis_midbond	1	a_s4	s	0	4	-5.122402117401435e-9	1.44408125168265	1.4440812516776846	2.6325642581978346	0.5000000025764492	0.4999999974235508	0.35755479112513466	0.1837691024435838	2.2615709635709105	0.9039978710648753	1.4958769214707065e-21	4.531610077262325e-22	0.046185134103884334	0.04981699483124017	a_s4:2.171079582101e-01,b_s4:2.171079354965e-01,a_s3:1.516144743241e-01,b_s3:1.516144710952e-01,b_s6:6.339389999903e-02,a_s6:6.339388717191e-02,b_s7:8.503580737985e-03,a_s7:8.503574329889e-03
s0.95_shape_conservative_occ_0.01	fake_drop	dropped	fake_below_occ_cut	10	0.008847773354590045	0.9954704421122974	transverse_bond	1	a_py4	py	1	4	1.106675534969389e-13	2.188036731353989	3.7282130823561874	4.136793927842708	0.5000000000011612	0.49999999999883876	0.4064385352192656	0.16215813480465738	2.0283925782171597	9.436955657179577e-19	0.00933461276039177	0.7442666965886781	4.1784517451050703e-20	0.2463986906509303	a_py4:1.076067255255e-01,b_py4:1.076067255249e-01,a_py6:9.489143936895e-02,b_py6:9.489143936821e-02,a_py3:7.183334712610e-02,b_py3:7.183334712276e-02,a_py5:4.781529189125e-02,b_py5:4.781529189093e-02
s0.95_shape_conservative_occ_0.01	fake_drop	dropped	fake_below_occ_cut	11	0.008847773354590555	0.9954704421123003	transverse_bond	1	a_px4	px	1	4	1.2935122416632658e-14	3.7282130823563495	2.188036731354088	4.136793927842869	0.5000000000001945	0.4999999999998057	0.40643853521933676	0.1621581348047523	2.0283925782180066	5.310230234368493e-18	0.7442666965885325	0.009334612760378993	4.06892830533292e-19	0.2463986906510886	a_px4:1.076067255252e-01,b_px4:1.076067255251e-01,a_px6:9.489143936860e-02,b_px6:9.489143936849e-02,a_px3:7.183334712420e-02,b_px3:7.183334712371e-02,a_px5:4.781529189110e-02,b_px5:4.781529189105e-02
s0.95_shape_conservative_occ_0.03	fake_drop	dropped	fake_below_occ_cut	9	0.008402275449817847	0.9948824743398724	bond_axis_midbond	1	a_s4	s	0	4	-5.122402117401435e-9	1.44408125168265	1.4440812516776846	2.6325642581978346	0.5000000025764492	0.4999999974235508	0.35755479112513466	0.1837691024435838	2.2615709635709105	0.9039978710648753	1.4958769214707065e-21	4.531610077262325e-22	0.046185134103884334	0.04981699483124017	a_s4:2.171079582101e-01,b_s4:2.171079354965e-01,a_s3:1.516144743241e-01,b_s3:1.516144710952e-01,b_s6:6.339389999903e-02,a_s6:6.339388717191e-02,b_s7:8.503580737985e-03,a_s7:8.503574329889e-03
s0.95_shape_conservative_occ_0.03	fake_drop	dropped	fake_below_occ_cut	10	0.008847773354590045	0.9954704421122974	transverse_bond	1	a_py4	py	1	4	1.106675534969389e-13	2.188036731353989	3.7282130823561874	4.136793927842708	0.5000000000011612	0.49999999999883876	0.4064385352192656	0.16215813480465738	2.0283925782171597	9.436955657179577e-19	0.00933461276039177	0.7442666965886781	4.1784517451050703e-20	0.2463986906509303	a_py4:1.076067255255e-01,b_py4:1.076067255249e-01,a_py6:9.489143936895e-02,b_py6:9.489143936821e-02,a_py3:7.183334712610e-02,b_py3:7.183334712276e-02,a_py5:4.781529189125e-02,b_py5:4.781529189093e-02
s0.95_shape_conservative_occ_0.03	fake_drop	dropped	fake_below_occ_cut	11	0.008847773354590555	0.9954704421123003	transverse_bond	1	a_px4	px	1	4	1.2935122416632658e-14	3.7282130823563495	2.188036731354088	4.136793927842869	0.5000000000001945	0.4999999999998057	0.40643853521933676	0.1621581348047523	2.0283925782180066	5.310230234368493e-18	0.7442666965885325	0.009334612760378993	4.06892830533292e-19	0.2463986906510886	a_px4:1.076067255252e-01,b_px4:1.076067255251e-01,a_px6:9.489143936860e-02,b_px6:9.489143936849e-02,a_px3:7.183334712420e-02,b_px3:7.183334712371e-02,a_px5:4.781529189110e-02,b_px5:4.781529189105e-02
s0.95_shape_conservative_occ_0.03	fake_drop	dropped	fake_below_occ_cut	12	0.018508567172108005	0.9975383368647815	bond_axis_midbond	2	b_s5	s	0	5	5.881493731519315e-8	1.6837508270528585	1.6837508270539996	2.5274411455422197	0.4999999669140742	0.5000000330859259	0.40868494209472844	0.19564076046315665	2.5020526170403836	0.42247907013620956	1.4581317444291068e-21	9.587447750723359e-22	0.15313057094211027	0.4243903589216801	b_s5:9.076226766353e-02,a_s5:9.076220512640e-02,b_dzz2:7.861152399728e-02,a_dzz2:7.861152163585e-02,a_pz3:5.677022938592e-02,b_pz3:5.677021271050e-02,b_dyy2:5.084772863649e-02,b_dxx2:5.084772863647e-02
s0.95_shape_conservative_occ_0.03	fake_drop	dropped	fake_below_occ_cut	13	0.021400245021909063	0.9966243669673649	bond_axis_midbond	1	a_dyy6	dyy	2	6	-1.437770858889086e-14	4.294360880301298	4.294360880299497	4.353835530572277	0.5000000000000014	0.49999999999999856	0.6113836675238503	0.376413574461699	3.6268629155555514	4.040220194464762e-20	1.1064462726338973e-23	2.3409576878185005e-23	6.511721035974226e-22	0.9999999999999999	a_dyy6:1.206401209936e-01,b_dxx6:1.206401209931e-01,b_dyy6:1.206401209924e-01,a_dxx6:1.206401209919e-01,a_dyy5:5.032674532172e-02,b_dxx5:5.032674532157e-02,b_dyy5:5.032674531662e-02,a_dxx5:5.032674531647e-02
s0.95_shape_conservative_occ_0.03	fake_drop	dropped	fake_below_occ_cut	14	0.028188770639319512	0.9927992975029042	bond_axis_midbond	2	b_s6	s	0	6	-6.147799596882363e-8	1.5235633080756974	1.5235633080754811	1.8112470509559757	0.49999998397215256	0.5000000160278475	0.3729658796063296	0.1734743423683192	2.1971930231464634	0.880257861843271	4.777448274763727e-22	4.278054848183652e-23	0.010852397489509917	0.10888974066721913	b_s6:1.237555622656e-01,a_s6:1.237555481134e-01,b_s3:1.025436851253e-01,a_s3:1.025436741931e-01,a_s5:1.021685663109e-01,b_s5:1.021685610498e-01,b_s4:6.774812160446e-02,a_s4:6.774811539468e-02
